Job.Latitude,Job.Longitude,Finance.LCOE,Panel.Irradiance,Panel.PVGen
-4.902950271476421,31.88926518837708,0.0559716588078105,491.1492040791985,2020.8819346896903
13.96304834425527,44.15406202387538,0.050785263202225,528.9017030121545,2190.971579516898
-7.632561438143959,39.13209298289151,0.0585323274653404,468.9460318627451,1892.5189120919863
44.109171489168986,51.57708506952704,0.0687224877161783,414.23562201466063,1674.2873258846396
-20.75483314034173,28.469956656544102,0.0555669551171284,508.7907578357555,1986.7218015516685
13.829426804348572,47.11092804526787,0.0460728868298439,581.4398118057576,2393.6399931097226
22.545171692478192,13.88946178458663,0.0458901572088051,574.7981732119033,2388.4176075119217
40.43297024255909,38.3645359772959,0.0769746502791692,377.175642962352,1492.9112545661474
42.718719187213495,9.367481093967022,0.0685069314463545,413.5868458372531,1654.839859838676
39.21018184941727,32.128191984282886,0.0625044172128814,434.61272749720735,1811.5609365301607
10.910753551961648,28.58927467951481,0.0487467983931928,552.8860976326147,2284.392510326663
-33.96432040780073,25.45180280897433,0.0732478939565618,377.8781795296064,1529.1659291494293
13.614337381795709,40.20796585254097,0.0472853459845407,580.0945710565256,2375.69976169178
42.4146146883994,-4.653753554645208,0.0618366035588385,440.8486008769366,1819.9337327634728
18.63641926726893,10.540182265023368,0.0445014166121686,594.4935095825372,2464.608769203995
27.39570906381212,27.55708732584128,0.0469900892265193,575.0140519251147,2378.6637021914853
25.358700952928423,12.468279352410846,0.0469946219497966,566.7739556465768,2356.3386046867045
31.87105665230617,54.13458276219282,0.0503404296909445,524.1013496454726,2197.1100837300587
26.698540453212672,38.08648815338234,0.0469518090505363,565.3384056149418,2366.8184925730843
5.517278923081349,35.283861854089224,0.0562187795818525,481.02985775069,1941.969455072243
9.918047189125808,35.024715079788706,0.05551345188421,488.67204023224446,2003.6588716315584
21.83130849746216,29.816190829527365,0.0451375149497677,588.45373438864,2436.406579361958
-11.705978689881924,18.56265676531429,0.0586010265652234,463.6466151678797,1896.343891099704
17.745863987037545,25.706190050717737,0.0439044692267045,601.8383584544982,2501.159626511078
28.253275800816283,47.34073653283244,0.051039680728254,525.602511858407,2191.197646734694
4.786008359344834,19.8148687755776,0.0562187380810318,483.90985360516,1953.5489306065
1.7986199457981584,9.824405955745206,0.0668727617279322,401.3525837415442,1651.465521442641
12.839856757252726,42.083559242534,0.047747351949781,576.2824022188126,2345.957342382281
27.015350319223906,5.102061591871934,0.0475067417348464,563.3664978385326,2328.484226783499
43.11979680141147,17.628947391565532,0.066487230354701,444.7388595158994,1723.3601181624806
-17.829690410854546,35.47059664117008,0.0571173114988802,479.9442611993364,1964.4211035617368
18.389503085122826,35.9775855144418,0.0456147527688744,601.2878840320076,2478.20588201088
52.54714252763922,50.25695467351521,0.0995276524157192,313.06457529530485,1307.402419165783
6.719141087172829,8.27674790162061,0.0579844682260492,463.2374150943396,1906.9936148626464
28.00701167501253,11.564789628355836,0.0478278236820269,566.6033630355246,2340.365535431454
10.700444972797726,16.51438491544903,0.0491474694673525,552.701265097717,2271.412050770952
49.868378601149374,49.35548216976791,0.0822596929665821,368.96134497764535,1479.1304983183518
29.80362307624742,37.925830820836765,0.0488606269766923,538.0051572876616,2263.030152620342
15.30206777539464,-5.228442664471631,0.0473031721374479,563.0152560116447,2332.1956861533995
-0.6729978139547441,27.967254928818505,0.0685185979033499,412.5237881800109,1665.465523963879
10.260012780207989,17.890611576158726,0.0492435607809626,550.4935211119547,2250.511786429445
15.01498409519295,30.183175469951703,0.0449530985615203,586.2474250014461,2437.6487788586564
24.286987902514127,-11.975717147169023,0.0476893813929657,546.5293890917659,2333.2904745635155
27.78122626333249,3.3752056060020585,0.0474478187728347,569.8837947817948,2335.3240131755742
-16.296309561523834,27.028539883965053,0.0552818631825806,505.16944574075166,2008.80460227886
-4.829206202419176,22.549841577218366,0.0646292257512964,413.1468443988135,1682.868996388317
-15.44046235241387,30.51163609231382,0.0550944997936014,501.58652263785314,2019.720380836716
11.96757971014825,-13.01226320933372,0.0513317415525291,515.9645585596153,2162.998273818845
9.265080812456496,0.1515634267071419,0.0532544176762804,511.21007381493786,2077.1429996185902
1.7248777905971764,23.02411618937242,0.0617893609898124,439.89371050196615,1787.964725993157
35.789701630440604,8.062627821954756,0.0599229302422551,467.5674878177656,1875.6573971909663
7.733491860042193,7.029305473698617,0.0560621028542619,479.90616074744656,1965.1019484256583
14.224854521741063,9.621976350326626,0.0459179692832913,585.7388723068839,2412.425324225356
12.217661727993317,6.909503749068627,0.048134556288275,563.0288804730662,2321.488545659743
52.50577031637994,8.014240386306177,0.1021858841802919,292.22134166716035,1165.855543616811
-14.167179070668844,18.514757546939563,0.0568080967174027,487.4843630237944,1950.767757533424
-29.47489807536871,28.48269599077756,0.0636259789117572,450.5943714609288,1775.7628440752749
-19.45659516931315,44.79189940917094,0.0523651222933552,500.6076152302242,2135.6318714469785
2.9389380953815305,25.187484855557457,0.0604280282656476,454.160113046528,1850.362334251078
30.0861483095664,45.71350860937018,0.0511173236298564,528.7222672199171,2200.7977987634167
23.118925192793405,32.208130781766414,0.0458646059325424,585.4698086006343,2419.029583038216
31.630301713797124,38.16472541484985,0.0499827744654308,529.2911173928279,2222.33259046953
30.827384433922006,-5.575646159415832,0.048827108108804,563.4226809361402,2287.0699888636773
-1.064098431419204,28.2408499438312,0.0670232674078903,423.7093739998796,1700.4500469126513
26.349315244980943,-12.309071294502711,0.048199095873056,560.5993893534331,2311.5713307762767
36.29966836433336,4.687350298115042,0.0599060432931134,458.7931207971564,1860.323833350474
-24.32311494517819,29.10844357892717,0.056363772335754,498.5574059210144,1951.9205248032745
24.075435946526632,-1.475848653607727,0.0475488381808879,555.3028012093727,2310.592654758954
18.466760132096223,-15.303549941779451,0.0472298034629294,544.034642334083,2310.245695553362
30.762202351598745,25.863973730332223,0.0493901813826701,547.4594225450747,2291.4463102855707
41.3060599605308,34.34380108516589,0.0791018873003304,341.5006465414785,1458.200128797626
26.94069211025431,15.754435319865124,0.0472065829853048,565.9248467221767,2352.254142681399
17.988563634667365,-5.44976031061621,0.047763053547605,542.2308265003387,2314.604377551869
29.5972026677276,18.84501754605067,0.0496141560043674,538.6587079109868,2228.908489028872
32.40394696749796,-0.2923171071155011,0.050208139214939,550.2831054541128,2257.597033322197
24.41097916337344,6.834747777275485,0.0475615001134816,565.7977306559886,2340.1355030186887
11.620315978614409,12.591353392787248,0.0482107788655424,563.8243975249549,2300.07441774429
5.599209469642723,16.43402068926717,0.0546460093835353,501.5392165974133,2039.264758114739
49.4376365641586,12.628947732364004,0.0953050438848227,310.3306151274551,1242.068745626695
4.756313170293943,45.72496818144192,0.049744682945076,544.1622203633727,2235.3125180842244
33.02271555631427,6.584066606006864,0.0504920944661409,532.46922089379,2189.208669745504
28.821395192133046,17.175751826883776,0.048417489074619,553.1282746866581,2294.185694674227
-16.487482038067384,18.828157285348688,0.0538109629270879,520.4818357938963,2056.478837847521
42.09834276506197,51.4013851518491,0.0713376687125467,384.0467312806572,1602.5588470086325
-12.704031948573686,25.50900661502552,0.0559928498626365,492.2676676477512,1991.858827765067
-16.708526642304545,28.918001136391148,0.0535488225226399,515.7541324658577,2073.044441918189
4.678809913585113,24.50079585870368,0.0559852998138638,490.92778047641286,1994.0673539157424
46.18148927739029,56.779004224291256,0.0725767706596298,388.18840976997865,1632.5814711751043
11.037102482409246,13.21096142006975,0.049348890990106,560.3607653707321,2278.558983389948
35.07086022780858,47.938791076501786,0.0569444201748822,490.84101393457325,2008.535162838134
41.82937586762269,58.08663948835266,0.0610112357260274,447.140043406072,1875.5319391011192
50.67884507896375,31.59955089791491,0.0914967997072139,336.3378659555556,1315.0269905250932
-15.54542789096945,35.90928401808888,0.0571037757327818,480.1926823348331,1964.496452288262
46.9246606913196,59.96998360893652,0.0715247602997817,383.10486988407854,1637.7486027781151
31.52558118552241,59.616791147338205,0.0495002250517982,539.0112479679584,2258.840746845025
50.66322881440941,13.612567941674634,0.0993737173224037,309.3141650816437,1209.253058875586
13.457963196761924,36.64919168456353,0.0482285362075292,566.7740846435748,2324.258709308042
3.562904598066673,24.964827230223577,0.0585947094647257,468.56408261276,1907.150253232733
20.04688510509446,36.86525936681518,0.0487638649235815,565.5282361193674,2305.025472283756
29.05049196775431,55.15985190353511,0.0494930536190048,535.4832610923489,2232.99217098957
30.203824798116173,47.57275049076648,0.051804420931876,525.8352416286374,2173.379667530896
47.937788215657605,56.3195578792521,0.0767079422453745,364.9785834119869,1544.936689019169
6.216852655059469,5.705073986558613,0.0610759796742435,434.2897192779448,1798.232070354282
13.68962867060118,-15.116907724859656,0.0492077780850983,531.6128992876584,2227.558862109772
38.568261920262856,23.15356929186049,0.0637372094706329,423.6856708428916,1768.0588791802895
-23.872959144011112,17.4032981631932,0.049133915017743,547.7361561596981,2271.6300041356217
43.87817230473455,19.8613806063727,0.0810898666475637,359.00505867590823,1429.063684775348
35.126288005671114,48.10376197418604,0.0573150759239422,483.51142514755867,1989.8225000462403
48.43713247425508,23.761704897697527,0.0992669303534769,292.52055584600765,1168.9032446017693
-18.02195179668353,23.51506974320668,0.0532675565535616,536.8534930555556,2092.131407911067
22.12966174580201,14.876604707651737,0.0454804290135799,581.9084554397812,2419.152167110676
44.83798087274134,44.32239553413278,0.0816022784275326,358.3936509656147,1428.684651837958
34.94557541386692,56.81468899794369,0.0519607828937211,512.4701248099194,2146.454069036946
7.142221418382562,-10.27087798684522,0.0576519385956677,473.3187850110486,1901.4350273230348
-8.509709563644993,36.15311376773398,0.0604413236321033,419.3873033310518,1790.315485313256
16.076446082664994,-11.121393110254925,0.0480690618640773,562.86738429531,2340.4516869859144
-3.3821075737762563,29.68684361533357,0.0683223835574887,415.4037150740808,1664.110769628789
5.987340422427479,-8.273156154827381,0.0579040870857991,472.8319841581868,1895.7358515977955
21.86434666603067,43.7752188384132,0.0470138498433344,572.6157428504179,2365.765373822808
36.99805278124707,-4.406046406711939,0.0577416063069671,476.1318534711965,1953.688635716655
-13.682900630794284,30.631117237256014,0.056166778271195,498.7212443921107,1987.431122566908
46.11865041956125,56.26896589306399,0.0711212376463798,392.6804230586559,1652.422121966153
34.57490421066203,53.36471365290829,0.0520208729996186,512.3025011352389,2135.475352835841
-23.7621587064009,30.775708796222283,0.0616574605766849,455.52769509981846,1795.075480792876
6.928861130308377,19.161117555002903,0.0528937591908593,511.6135922341351,2080.66293730183
25.00848008126819,5.609445771434167,0.047166779212828,566.2030384931346,2352.3152997627544
22.48805471591345,56.03410107339185,0.0476802764132433,571.2314948526802,2344.4305899387355
16.974649476887713,37.83474192064806,0.0462008776613456,594.1672196834463,2440.003031926319
27.52595856675024,-12.154029413963883,0.0504137487367377,540.0499694871495,2204.4965718017065
1.71509802085653,31.28416120181669,0.055574963046149,496.5616815090769,2018.3296264048104
50.761577711856674,50.54526652800666,0.0881097615326195,337.4006445407588,1410.906504189775
19.722707648575373,34.75250060553046,0.045500183198234,599.879467586535,2472.6346259600286
-32.40885625367865,28.42553410514575,0.0784976679025163,355.0134248664225,1449.0888302556689
30.179800708742533,30.381339941953943,0.0493103415035633,543.2590743870013,2274.2292855331525
44.5944528181287,21.107842803489863,0.0763873963943749,380.8563319789675,1523.2784172868955
-13.58684153474168,31.14487005741352,0.0549485362356896,504.6296103620841,2031.5336715842109
-25.67398964963204,17.051058439640137,0.0504419901888601,535.8823523995042,2216.5275197193027
14.8530607684878,5.240982080462686,0.0464339641409482,586.085434916718,2421.5552506691934
15.710541652998131,7.630994239142794,0.045905034683355,592.920486893607,2449.0698206182333
31.265847205149583,49.04058984967796,0.053410155473315,503.1122178170811,2114.454849555921
18.89296944038668,12.376936545894097,0.0446860908063897,587.5520098203456,2448.6694255508964
2.638438498562749,18.98233711842802,0.0601521935390461,457.690783190949,1829.2774910694257
-3.217280512140711,16.11620515001399,0.0624349026787846,449.5859478941034,1832.834800196837
24.64917970695351,38.01893836515145,0.0484677261139889,545.8473766356242,2298.492688996923
-8.178325655240588,15.348550819433411,0.0657876901887946,416.0137179197623,1715.0181416382325
-14.2336481004725,34.40703669837913,0.0596045883117915,460.1603627726953,1867.0316353581225
25.388469446239952,-2.698773582958836,0.047525536854047,560.5727996957997,2327.6105887693334
40.68403818968038,-5.015564752996644,0.0629936265267296,442.0404749721261,1801.4676431513817
45.30217578284305,0.3585886153397339,0.0768044439643487,375.3835114305915,1491.736384828746
18.46046670678257,15.15551011013823,0.0451380686699957,585.165484909923,2432.2919218072834
19.38575315834373,2.4352631616718945,0.0463076163231451,577.2318767174767,2398.986506847552
44.20385703445406,39.71660899048934,0.0987095261560248,279.1960462788507,1162.476551962901
13.714926878039693,26.9274351754623,0.0455156735588633,581.1064379179994,2420.3412935803626
30.120546976519577,29.030246746299618,0.0490112460879912,549.9381697342723,2291.163861170257
-15.763663585144627,18.06093966727588,0.0545100448674836,516.5792530303917,2035.0651445365136
17.31137832818421,21.233161385244145,0.0443652064615998,613.5881684737282,2544.4770412514
16.826998838075042,48.28784591681733,0.0459056533582675,571.3472718530961,2390.5691763737937
5.904064770982835,-5.3969584367257895,0.059053917593223,455.6628676530791,1878.09637754698
54.162704085526045,24.21031367252312,0.1126724818877056,282.8511553908308,1123.129587845026
45.02986667322155,17.144185403879746,0.0800080521432148,361.4401605537151,1433.9955507118054
44.11656825769123,11.952776101730471,0.0722718712549913,390.3692081561316,1564.13395002489
-23.644566029261487,27.494643487546952,0.0547371882261883,513.0369366954682,2031.3926398586668
1.0337843127555717,12.250997737156451,0.0685681148455744,404.9487731213009,1656.883699673656
37.42687287810678,33.2090645876734,0.0593780907355637,452.74854085397993,1894.027734847094
24.29349593953097,50.01338884321476,0.0485816554273231,550.9467949436236,2271.2557637827576
9.750889975080652,-9.595025472019849,0.0518772114731696,521.1690593821444,2141.761864311032
22.51099747193006,29.08040855415497,0.0456165860985906,580.0375554134945,2406.673148739354
-20.720844959874302,24.716181398394006,0.0517570599079951,541.4990360748657,2157.87608983871
32.85920706838138,1.345192867652976,0.0508383914535055,540.9815787001702,2204.252448419405
-23.761461852526068,44.578653776855376,0.0510378027304687,523.3467559306031,2187.8727462767483
45.76767943422776,42.11103805080151,0.0781956054823447,371.9568705283108,1475.1466730614377
17.042056193211188,47.7293244510726,0.0445656426688692,595.2313998031382,2461.330025097785
-1.929601825704872,39.248154272321926,0.0567825185187843,472.6965957126303,1937.0625593429088
14.789534373846962,13.840485406583191,0.0459625304008947,587.4034629747383,2387.548128921802
46.66919422044687,41.7707434050059,0.0784261793600044,379.14225918899695,1476.2033673695964
39.605690067172304,42.44431512602888,0.0728890911648032,407.7915084994999,1587.7881547695406
53.07492421838832,44.75582838908851,0.0985943801686097,299.305630211121,1249.2435640629046
20.22949972590293,50.21496632660477,0.0463224577190015,577.0633713621841,2372.6747907487866
44.382522861078186,52.27128605443694,0.0701841957107689,412.3371020843202,1668.428977015787
6.739957628186666,-7.855733684207209,0.0578651408967346,473.8044655612245,1901.8020654315912
-20.3101991111772,16.74036899083486,0.0518292396256953,518.3104140547481,2133.2189028705625
37.30033275859387,47.93514786608439,0.0571121485112058,478.8549837901562,1973.413853566367
17.204509602994584,11.514325936013012,0.0453684426831005,588.0506950831065,2419.9295402252155
42.86873328078849,20.78045378845801,0.0746017055692168,398.3010990937276,1547.31012019969
-7.376900380429198,28.433644889643908,0.0634065453287049,436.7542661750714,1777.213652488207
36.77412225807392,-5.0606040579801626,0.0587436718509279,464.8753186618681,1916.8493393111885
-17.43016801774854,32.63790049685038,0.0533116153536824,509.28159195368687,2077.0480255212133
-7.777919597038263,21.98950110198524,0.0615548643935886,428.8755822496007,1754.579266374184
13.66651393450168,-11.494027202292072,0.0498371291234636,536.4894107005617,2245.971879163673
19.36960556964372,49.448411764312524,0.0456418340070306,577.4215109215606,2390.296924416308
-25.425480498993885,45.04051622813765,0.0543787729127757,505.9241872129989,2049.607780898673
23.109249174797043,-5.20451439297787,0.0478821092378954,558.758051972375,2307.9993675413816
5.09952878312734,-3.023197661744483,0.0574784546929321,477.3531526049419,1965.7753069498733
-23.84248299593588,27.72518310435857,0.0550838892361638,507.68214538402776,2018.0824167004648
23.06795751974061,4.066879242393426,0.0475590629088463,567.2463725026598,2346.848151753813
29.740402585048983,36.21833500234186,0.0473685667557486,558.0671799231396,2332.6322252337577
-3.540015488513056,33.64637485056096,0.0532383194257495,493.065761668207,2057.4494080355985
50.15796637157728,14.525006499408882,0.0927752022237713,326.8596701092472,1291.835833892028
-25.396044252911228,15.434094102573477,0.0485876484393256,554.3217466721399,2284.9666808295096
-22.74315062444533,25.622885172616,0.0525674487540249,536.3221938685097,2125.69058464884
34.40230222548391,46.88555789124132,0.0546695329998296,508.0074873135658,2075.251253104502
32.50276003573988,43.614068739649305,0.0518371937131318,522.3546664710714,2151.988822592132
43.36744755520411,-5.373554328413324,0.0844027220231071,316.2538322747589,1343.2036246537682
29.416282795829005,18.46047542504857,0.0489867984339211,542.3922933628835,2259.3921874723
13.554870405445476,1.8530509562255943,0.0474675612192827,567.4808641731138,2325.594418145634
54.16641240109733,38.62142657199884,0.10003132574991,291.26510199212686,1210.3273473211354
-32.717779792623496,23.66547041383185,0.0622505124745169,440.9582741538822,1782.9222372142865
18.505045403996533,-3.678649440803234,0.046932898892089,557.2932680585276,2332.5465687706314
43.037843839377786,20.150459992349923,0.0816837729037505,357.2436098520992,1413.2925959356244
37.24404913446365,-7.48748803987624,0.0563171956063979,488.6238052474026,1995.871233902816
13.117998322013634,-0.8940519284927362,0.0479930383407916,552.9838819166812,2290.3523174151223
43.8957403622186,4.684668840754014,0.0639228440749669,459.4899741935485,1828.1788489655885
40.69920572428663,55.31278411286809,0.0618000756880641,449.702279886148,1858.2503899028147
46.69470559654887,57.5453161211596,0.0714634516011294,401.0553577514793,1653.9926938717222
53.1671829297236,45.585826625841406,0.0949002625199958,318.6536138950128,1286.8340672164925
-7.8506801361025,18.539507050544167,0.0631070261772807,428.47937951105934,1753.724090173505
29.37471315859177,52.46908356033524,0.0509231797921986,518.6604080439613,2178.8039851933067
-1.0942908438585237,33.22382421595154,0.0597753674903574,447.4198279445728,1830.184758424521
29.876681385224373,-2.071627561811724,0.0482294828619824,564.4644700100657,2331.033133987215
20.339831048746674,51.21472415324915,0.0464010497391208,581.4087688984881,2380.1462495443734
1.2258727694557336,40.05394560650007,0.0531887493625468,506.937616375345,2051.451590540926
-9.723401460343185,16.158997985560156,0.0583955919604623,469.6338792153144,1927.038456768288
6.69981424097454,13.496875076785372,0.0535498800227667,520.2052458957673,2119.9675822773065
54.63065674100227,47.110343309237294,0.1046338537150974,294.10564729530006,1211.226960885545
48.7246326422551,26.572509162769407,0.0871208880023531,348.72137127209953,1342.9573064697247
29.57945987445241,46.93088927866275,0.0511571776732437,522.398484988398,2196.443441228858
-14.971189028113391,16.741062046984325,0.0541897643413209,514.0637746197663,2052.990078626563
12.793830290627264,21.001688830120514,0.0467032394035775,586.2394136538597,2398.582264600622
29.524684981715865,58.37845376834214,0.049322497215444,539.7012500291546,2241.1067497398085
21.6468837414655,53.28347606690305,0.0476729540214479,568.4605729767935,2335.704144748574
0.0747910685494162,36.50079382169926,0.0555238400531103,484.36154232261015,1947.392061789316
51.31828520063753,55.24716825268919,0.0869187510908096,332.1822581406324,1367.8957857803068
-4.283328655558172,26.45745391998075,0.063993346801394,428.1988283492823,1770.1560768829456
52.27463389693909,35.29116086220328,0.1037062954336475,314.7656904063728,1253.9374433502549
33.110011646634305,52.19106037508058,0.0530221041993011,510.5428450440979,2098.1701868605264
-9.7644686248322,31.63916914751273,0.055440522370218,495.6641779205843,2029.1443483642065
9.445096381485463,-11.878065827996611,0.0546099230365718,490.90097020581896,2022.1247083593075
32.557147727232234,11.320772352167037,0.0513079831907959,538.952510927172,2207.700032510089
-27.651777787306067,26.58656771780376,0.0569979220188781,497.43346725820766,1965.5899711594589
-2.272550678121611,29.4918810219428,0.0669799116103934,426.9407645892181,1700.9245300036605
22.1771144910576,57.50658114725455,0.0474572452170842,574.5007292726198,2354.860485711677
37.817080151260456,28.665198719710297,0.0586049628270566,461.9861681483663,1924.937178694121
36.26384759213238,42.56685971573752,0.0558752181242777,491.25764097810537,2014.529060551768
33.820367549050175,57.52561712105791,0.0507670336190373,528.8595197237504,2191.6170533504246
-15.33417989512337,30.3935646967797,0.0552162218490136,502.2393239353892,2015.89011450381
28.00329040498272,46.03414387684613,0.0498961913816773,536.9251268419192,2238.5894645114054
5.5430502270210695,-1.0084074359509645,0.060707453204558,455.24428708076766,1868.402820842524
10.181948638178715,26.32625670766777,0.0485468197298941,548.77143937174,2287.659168699964
47.87926639914653,59.21767859324423,0.0750356238474847,371.4911972215626,1573.4717016167438
-1.5719975779315476,13.58110428792709,0.0663614322382275,419.9766808971198,1722.0146725487175
27.137826213658784,33.784187025600694,0.0464184991874333,573.0933614655274,2388.0929487444564
-12.799463816778996,38.22164987223999,0.0576466832620083,450.7345765294255,1913.438669150672
44.836253394993534,37.082608237010405,0.0731855146084804,381.15989966793165,1577.222872646263
29.858207844332583,35.994346351216244,0.0483164332438816,545.5910409921975,2286.992711064379
11.038300149046565,9.442199459921888,0.0488862868027998,554.6529795127677,2280.081644010197
33.99062959395083,7.862790031064346,0.0512584219538788,531.8270682909687,2179.911706152044
34.71562072556769,51.96615563075875,0.0534054230303297,509.6542693954143,2094.678299059268
52.21875774503658,1.3728344760791875,0.1002263597673507,302.60170876089927,1236.2017720310753
31.97836418607912,0.9997366138723578,0.0494796396030652,551.7230040566758,2264.4067003355185
23.764778707945545,-10.28328311388167,0.0477060031119478,552.8459784997045,2338.51571084888
5.852204716738868,25.59673445782192,0.0533988705082041,521.4743471219855,2102.691109297205
37.86737762062212,29.46850174294705,0.0590287364870483,458.075237881561,1917.532864873447
3.4512795491498807,45.32793573301714,0.0500871314475705,540.3987725151657,2213.491314522146
49.17117192492836,15.826084056529597,0.0927499951327076,324.9168939384926,1283.065832529976
0.5109256087113465,26.99005758333665,0.0650282806104851,431.034895957762,1739.4700759458497
5.644485236114797,31.791584482628963,0.0543856924786603,503.44845596399966,2039.6850461203803
15.764293496194597,47.423980502594674,0.0447245823115776,594.8293197981322,2458.006927365863
6.965233852780528,26.285296767351348,0.0518771296768963,536.9278058778491,2173.344743439663
9.19569040516091,47.46888029906272,0.0456824404107987,594.4307815229497,2440.264039305204
28.06288377601404,14.098395848036432,0.0478834796856222,561.314821548425,2333.910426527707
22.174162125920738,13.81756617923444,0.0454095562202925,581.260112894813,2412.158499704929
28.32602948748481,29.03101146828476,0.047095926651898,570.1545819638334,2369.926760253104
13.446666266260172,28.76727042465905,0.0463485135334527,570.3045654868795,2368.2358858727457
9.39216411587536,13.29356882225126,0.0496657027068139,557.1906965038286,2272.214147498973
-7.670884497053752,19.807490550418137,0.0620562818188741,434.83059131840224,1769.3675210750096
44.591549998403806,34.28362017540132,0.0766679430091988,366.3495644391408,1514.8715990832552
12.253080020759596,25.36950607260036,0.046491772765595,574.6441655842256,2383.9810500265617
18.488736481431232,10.053863533676832,0.0445042089696732,595.901697748822,2476.1081347435324
33.18784660556861,56.41361225259726,0.0506658394875887,517.7480320297086,2175.6033931698644
10.543412959683051,39.46774138066229,0.0509719322216571,532.5629657924073,2184.387833047226
8.863263521330175,35.18818705964183,0.0553116962196727,497.131661074414,2006.300869165038
43.54074418080768,16.56558733268021,0.0658948780360719,440.8506756357709,1730.5251286648115
24.964277048249244,37.083726126990896,0.0492402428828902,537.6578806022821,2258.149949642385
-8.409599436203653,31.33550925079881,0.0597792213249272,454.6642861051629,1887.2024459947727
50.20522229622063,42.98709756333238,0.0871598410174189,345.39127329008386,1359.7021490337067
28.4824652980662,1.345931004749417,0.0479358337554543,568.6064556352098,2326.287774619457
51.382950233533776,56.80199823610738,0.0884604578664564,323.1444088261755,1359.7078153843215
52.52641068371047,6.1885020062827145,0.1010118506807564,291.9299745933753,1174.5246135255366
6.046612283401984,41.079757279261656,0.0504920472185297,534.6913706059205,2174.0749721390007
17.29049610075664,0.9043644491987736,0.0468868953933383,566.0636628521638,2347.5002352977217
42.18053194749567,41.0325278302027,0.0750599115157849,368.370884697763,1526.5841265300758
19.07191157523566,44.3559301439622,0.0452530053709017,592.6968967053582,2451.952616080861
27.94664350227496,-5.418231893397039,0.0475995954407847,561.2456327345309,2336.362353382602
22.21517693389636,32.12970330030661,0.0454078750022621,589.4643576376659,2442.4550401064207
48.45198418217828,39.92526783540849,0.0916682146221774,354.7477380499405,1375.269402411468
52.55619997514539,44.66190414873088,0.0967495086831719,302.6457462979482,1261.8613594871622
27.105327207496096,16.01617632849593,0.0472591451236447,561.7167067245629,2351.713972192312
50.44696493204568,58.07988807078792,0.0872033493929881,322.39890981416613,1378.2911635007122
26.98836964612412,9.412191811128814,0.047801114830016,558.8169137020077,2326.751202918952
24.327318889044623,19.114607583826213,0.0463250662616064,581.4984532450644,2412.3144662881546
-15.772783530774865,23.066904201657096,0.0536940517774686,528.3697322141347,2069.5821011061234
-9.87196808760602,21.891209360818785,0.0597606763599154,446.0640172136792,1818.1015495933905
45.68189934287032,37.06705317764721,0.07585099166211,375.1585320132795,1525.7742376458866
31.204089749380785,3.2484078869945137,0.0488282914125905,552.2259924357035,2271.080996671936
27.18344962224548,24.341463225429976,0.0468943148607232,572.1519599342029,2376.043880612179
45.68190808798914,20.532800830937447,0.0774788842722552,371.5709024099261,1504.1477698614212
19.24356231256013,17.018626582084025,0.0450403425256633,589.6473567703755,2464.74131230804
26.13831857609506,-13.511994582667777,0.0488238058486996,556.1680548186407,2274.3017226549387
-6.982002584229072,39.05303397568935,0.0595963393580889,461.4039631443899,1856.9411924533804
16.306375390554933,5.809285883808251,0.0462361646342095,588.6734071827804,2439.483760471879
35.331464175757205,44.00062979347493,0.054862353963646,494.42331787962576,2046.8842153480844
40.18616644434477,46.68022032956239,0.0733218441831387,375.3178013477879,1540.3032085782158
-4.277771015178217,15.377697762318292,0.065338120180038,424.4057025348331,1744.1076473678909
53.49790828016416,12.222989421127508,0.1079620237923483,286.44685121559763,1151.4713864587122
47.17186431742273,1.508046417585291,0.0825867115083549,359.5623023640661,1404.8535053998282
39.28546818194907,17.082397160077214,0.0613615376269177,447.07972443399007,1846.715327198687
-6.912708956343675,34.94610309641366,0.0542163749628225,489.8661905638665,2013.74590012302
-21.21773722893905,19.77246903546579,0.0513600755311281,547.6383796883332,2183.815439172119
14.505624704174906,46.54530966672256,0.0444846466124983,601.0203561834991,2477.58559712182
12.558654577951197,31.55168688574676,0.0485253933166839,541.1964288957448,2273.686665218258
53.64085202476372,58.13402508022962,0.0782170015465639,304.47158044854723,1297.400560983829
-21.82424551014933,17.825298466052345,0.0514020822425366,530.9504273846698,2169.9740087521564
8.184049993035053,25.360994581545235,0.0507240326192723,540.6803414204312,2214.217852110912
23.73069099345836,-2.1796480767304587,0.0476252129899144,552.9524502460204,2296.1254198901584
-12.555221147534994,39.09732668711099,0.0577524140600673,451.8311287703016,1905.609435924548
-6.457851432225894,20.45919492279908,0.0615257055210686,428.9017611225189,1755.10424872124
-14.45663013035522,26.64995482510537,0.0552525404945657,499.035943820885,2014.741138715844
54.5918694921394,25.214665515243983,0.1154633663843597,279.64624854086765,1125.9919580562964
45.294172418907,32.27540966814913,0.0733918631817669,375.8090108849976,1567.7068434528474
18.35046845974409,52.860660931266366,0.0453013946463258,600.4218745521817,2453.718513829165
-16.15393668142613,19.76954243676664,0.0547882042586243,517.831043805935,2038.3403673656856
51.99248340310656,-1.4033410337269103,0.1033855110413601,289.91218514299413,1181.5459078089211
47.29924117971498,13.905446580214956,0.0978763220090928,295.1247400390741,1183.935210322613
-11.934114476780206,36.100997779129685,0.0591231662483261,456.8804904428905,1869.5572276579128
0.6077602696021955,31.00288260014061,0.0621551798933951,448.0666332441273,1814.009407965807
20.00199306683143,10.501573294695769,0.0448474354438271,591.7522320161871,2453.996145879131
45.18321432062864,57.89132944662461,0.0684275185328043,406.4841321268039,1687.9389488583158
1.487609592406379,33.229437864688514,0.0517324712861148,522.3064262560778,2121.737854741619
27.642038358270938,37.457374121572926,0.0474731203181939,554.9193774091812,2328.6327668564427
7.720978094278749,-6.081430919358306,0.0561502809320644,480.0421647292482,1972.0688513750324
40.42269577378302,18.21117089139966,0.0628907030187941,446.3822739937164,1824.218885676077
42.64166609342618,34.29469156321899,0.0723192528045024,396.9313998093877,1605.6070827191295
14.405289251803651,23.998656957487302,0.0453551275436894,591.678716140784,2458.38773602585
-26.4901435684588,25.567801536293985,0.055141256542494,507.9439943131331,2034.564983843208
49.42730294026271,-2.667840871276841,0.0890303743104402,322.08495088033413,1326.677046744947
22.79769640353384,11.851450228075253,0.0460040858273614,573.2845819343785,2376.9117580705056
-0.153031731737073,21.70219098206247,0.0648743358574382,406.3124645220169,1678.0289387363264
12.098289460578512,7.595585732145391,0.0480575899635885,560.7211589454523,2318.39490912405
-2.279814010891698,18.01852264461928,0.0650084766317326,419.39572925407936,1706.2900201957143
14.0613071269444,43.95208077073785,0.0508365690382077,521.7734763388396,2191.345537784784
-5.464008100315617,20.14822904329001,0.062571005813796,425.0353564909879,1735.7772390621496
18.53755302748445,-3.5521967675017585,0.0467487374560279,561.7527256841983,2342.877143567593
32.1393146033203,10.595965219610186,0.0502936203278824,545.603566610655,2236.408584259913
13.423060497665702,-1.7635800653717304,0.0482762279078324,554.4178807838549,2298.272095147056
-12.80193144691916,31.049687797918835,0.0575947212033389,478.8372620100207,1941.616259801522
18.62441305986178,5.470704885714639,0.0453545809631151,598.12797073229,2493.365894059752
-12.81948522520197,40.45244531920426,0.0539025549668938,503.7595093676815,2062.2896451134825
51.55495776180061,56.89778332273781,0.088791601279709,322.4833791634621,1357.6778606679325
8.435176141062811,22.756794661431663,0.0515909811805724,521.0787716581277,2153.101134456788
50.04757198768928,7.910382196473293,0.0988304759748933,316.06805949277083,1250.2760098383633
7.5354080426873935,4.552817336056478,0.0595154004843515,453.1287983791606,1845.3290221232928
6.401866931267115,9.846955936375174,0.0574277987866948,474.363503014693,1936.4960955205192
0.8005124677346913,40.735738955612256,0.0532625893221375,500.8376861738535,2032.7696326993776
24.092404460262976,33.94072602380475,0.0459113678608785,587.6798462356696,2432.434326416566
22.961324192817408,13.988387050430774,0.0460956166070533,575.2433557943654,2380.1603573204807
38.55004563426711,56.01469012010598,0.0602282360335509,449.1046857344633,1880.7339285194064
54.95120071755932,42.41210953911921,0.1002326990482527,295.7677597892468,1235.2179301387002
21.97115459470355,12.45204847471755,0.0455152072738129,573.6917091516443,2391.937429488061
-29.290063662169807,20.574609618981484,0.0534982156594836,505.5618616809284,2076.3954547035123
33.63283108886172,45.71695410409744,0.0535976420681911,516.4858937163799,2101.9369639247
8.579293350107605,15.466095589755795,0.0506256407072228,536.3775515889273,2199.427958522142
21.20166429900958,23.96495807515492,0.044616048292551,602.6420979218035,2488.887625847599
28.934797541170425,-6.761947049309942,0.0481261517017475,553.5579626299195,2299.84355630536
47.85622078446188,44.53136104037877,0.0794733885940344,387.6303027065527,1475.398999256179
47.85308980113948,54.550771012878144,0.0756103174501607,364.246004950495,1552.492191894694
-2.4697648059385955,32.00607759382508,0.0621736824101678,440.4337515373699,1803.111713566419
43.80643121009582,45.87347241866277,0.0809536846546529,347.6494636421949,1424.8077369124635
27.258305461728305,12.448456750080076,0.0475926106432497,562.5708233423626,2345.5965756545866
-4.410845965741967,32.73627870203833,0.054760975945847,494.55902116153305,2036.438275910524
18.205396375535507,31.561453313566343,0.0450014760831904,594.3952652059597,2457.228444316376
-1.776063341282459,21.59405291546843,0.0661664915070355,397.9121506958704,1644.282863311006
-23.58223123403189,19.681218641550643,0.0507059986249348,535.737314545133,2200.614892716733
20.928122853179275,8.3835137791643,0.0452198838098312,587.9957317791121,2462.3248725640774
48.589404008795,18.33918832547777,0.089044964150475,336.00398348667136,1333.649851292436
18.953273870466703,5.21388246001554,0.0454061454279155,596.449105414127,2491.280380712104
52.982041246098746,-4.216970037877381,0.1078820245432786,277.7472271941846,1120.6558424838054
17.725241272991113,5.132375335425763,0.0454045015564772,597.3637939177102,2489.197701479074
-5.244638953979614,14.367453204508209,0.0714773321008717,382.8003041925039,1586.5681878257683
14.269980137141395,43.30422234374031,0.0496763745943631,540.3234409618065,2252.703334578495
44.10004024357487,15.83328418653143,0.068973855029544,422.3961792903385,1651.733225120519
-3.1385920722864853,17.59578021427516,0.0632425268207736,437.262331492362,1767.9349927515195
16.28069659019784,15.810067798992485,0.0458155190363217,576.6253128649898,2395.3335406415804
-7.2810642905143155,16.77098195385682,0.0593394432624445,471.52231420373033,1914.8855321332453
32.25203950141896,53.33144521844618,0.0503037501407427,526.3405545866759,2199.5584561889605
-15.50251329937095,37.28195093532133,0.0601166735607305,455.69435658455706,1867.7279609828124
-23.87009724787493,27.808638909827287,0.0555176655900513,505.7698488925445,2002.1446041691693
-33.1156653231384,26.29079831790606,0.0711205586578573,390.6317963731184,1579.5355494029454
54.78682078235688,24.835820331318928,0.1146169260977253,281.79617843910603,1139.230442401283
37.90301001081778,44.11867509697278,0.06415330178741,430.04604868847633,1800.9180655864527
-34.032711313536254,23.99285168847985,0.0744219604252486,363.4595673966507,1491.1654686953098
29.87670985874206,3.7054708890629406,0.0482710738634412,562.2315264935368,2294.895493461966
-4.31435932234243,19.5852444234701,0.0636878202889038,422.0361711156743,1705.161870805568
-9.40961758434196,17.521585683945204,0.0580733491175823,471.8458229414565,1946.4619970320407
43.50076779015055,0.7701227876168133,0.0730663121168779,389.9800176878449,1561.6362576578229
31.319858278107247,39.80440844077543,0.0504016979415626,523.7349765634201,2217.460949535835
30.208582606162693,-9.218869818727944,0.050393326310942,530.580135543921,2193.38639781548
20.103960517136528,8.06975440308851,0.0453778007179583,589.5907487324607,2458.2753137592163
21.38229086181724,-12.499779722077957,0.0474026848739717,560.7384283867937,2341.8145430311847
16.72330888940065,2.611794519917254,0.0464782551891041,575.4546391352875,2395.735315524291
12.204284421248822,20.622233465203493,0.0476642232331698,575.5207466823946,2348.010651643215
46.84718781760654,21.086649394401377,0.0791477049971689,365.01524384469695,1476.021419151682
44.19424969629034,7.504155068398084,0.0853931260198285,334.3803709103841,1361.4522068694816
5.362797083756298,47.841607693298,0.0492633611162361,556.418494302929,2303.983450885643
30.3296429727028,12.15522116728377,0.0488736796613864,560.6641929897396,2303.791397521964
49.25555207449014,0.9745620884786348,0.0913464134755173,327.9523341064525,1291.694471922926
8.42574629826239,-9.69252114405278,0.0558654834184987,494.22447383782014,1980.170800926776
-6.829106631185219,32.974310764789855,0.0545855189409637,490.527851316408,2042.9849303044057
30.125766223404767,8.691642914191906,0.0488521722735506,551.4839562580195,2267.986051702752
-17.73416506068047,48.29319314153845,0.0570961147526448,467.3406428362487,1942.333368582425
45.182281415437856,46.96123242985243,0.074880316622682,383.3683594372803,1524.03738282273
28.1585853441376,-11.577569213638396,0.0549372853372131,496.18874582018,2016.984593316513
3.889752703075949,24.86834740575054,0.0579100229292846,473.1724532601075,1929.7605206583185
-19.976246136856723,17.80063754670651,0.0520761458053276,531.380998648728,2136.788746265396
35.69705526575706,2.247133707510152,0.0562214497291335,500.01754907597535,1991.513468278616
22.832529733092606,11.26207314046999,0.0460121703597947,573.9610173275964,2387.1081690179976
22.83400334706264,26.55819182356005,0.0452871988397397,584.9074891493559,2420.1592874187727
54.77484001357301,49.73845302355468,0.107086775801241,304.6128766959537,1262.0540511354172
-20.14216741854932,33.76065518111291,0.0576187637035456,478.7750845278123,1936.116588652103
14.344196983496104,-9.61927966375418,0.0487368494307196,553.9571087391752,2301.704812373059
19.91586943596546,1.0666425317225574,0.0464773501192625,572.2354479136271,2374.9259109547625
-9.789840081010592,33.284734685011884,0.0542337487455785,491.4260388758782,2049.633350563201
-25.31799438635561,18.450988700851767,0.0501193041008112,541.5236445180759,2235.456630419511
28.720849353978394,47.11281414102156,0.0510960838259118,524.3130851943756,2192.5736495167343
6.820542527153819,11.737299307232512,0.0535684432326084,512.1293075334789,2093.153440720543
-20.30269499016891,13.637534683428704,0.0476693633399311,570.7155128729055,2318.190837834526
7.539121834669189,30.217482771130065,0.0536991161597898,504.7281137657764,2073.375496234284
53.82450994630048,51.38356824982516,0.0950074752141628,296.57864548874426,1262.9088582186384
13.444379774294973,-6.2961954463493,0.0482225046305422,554.2867311550418,2305.537631463046
40.72829627641269,33.41082414484357,0.0694268074229741,394.769741167535,1654.5525059406905
-2.258719494526588,12.000805577273743,0.0755945099518381,359.13762727927065,1505.430812817458
48.46850209128846,36.19182979274817,0.0870762899415852,357.38601059571465,1376.0341522471865
26.851019346500458,45.68769972464325,0.0502339313334031,527.8585118755118,2205.2013451521843
-18.60068171897966,35.8870722994801,0.0574470551244656,483.4667816064638,1958.0081135888704
32.307141222550385,20.3878937620467,0.0538651829062777,485.4515798397399,2053.557827034528
16.825103418993585,-10.87148342058283,0.0473587254691139,571.2871730565507,2378.147717821818
29.014085786246525,2.466965477466676,0.0481237112747187,564.4219670291125,2307.466168098971
51.24687391209034,14.168110738355049,0.0974911259464061,326.9409480931569,1245.719165933003
-15.975251329735247,26.33940633011707,0.0544978447752558,516.3324347775107,2037.181773829469
-4.2358944304825,36.214390276777806,0.0591803042139158,452.5130452886151,1827.792988075626
18.17528580604308,32.25664427022048,0.0453254505944935,593.2211821007567,2448.8426003452973
10.085488865192248,24.29442685457008,0.0483174571467355,560.1471884635675,2298.627864209844
11.02707685651908,16.973905004286756,0.0489093379270324,555.7398841938699,2279.352774805413
-27.53056321948197,20.805900058484745,0.0524697093355527,513.6931697759004,2117.8275763523443
48.78973793981069,47.24672048856358,0.0804718069179697,369.4618207036133,1485.0911525932547
38.66296469623782,55.123457055648544,0.060181464315038,450.4101208683656,1884.230087233172
-11.729425752894674,36.395513465963454,0.0584813536515426,460.8221786296901,1889.7051563690816
36.08833363638722,58.52858029212433,0.0547245674423758,499.49912205441615,2052.9187826869124
42.83456138010099,-0.5058647991086858,0.0826401972535777,348.4343528170253,1369.8266530375154
-21.90407081772177,31.862106119235698,0.0578559873286921,484.56590516988433,1917.462086651847
16.551744888635717,36.18391554880737,0.0460809754662518,592.7253792980367,2445.831960951095
22.16612680784292,39.24385166194968,0.0484580119279068,549.9941359211915,2286.315037866732
46.16055902389991,13.041889265005196,0.0731803787506667,397.6091327625652,1560.297037952138
3.995248707034918,33.98877770934132,0.0534201284460727,510.5386572617946,2052.981917641942
-19.279344151800565,14.166735732614832,0.0508268396899048,532.9344295655225,2178.665674029468
23.63677084024628,13.453722705844406,0.0462829370301219,573.0571528059891,2369.4953694119017
20.97225027182688,13.876871546937402,0.0451340488763042,582.799638348253,2420.767347720297
12.361148548552483,-0.0112978666134182,0.0487898633333537,554.5251464362351,2255.7585953193784
-27.6982977591936,24.85790517457879,0.0561754163312103,498.85215823605705,1988.3133894920693
30.80726519559488,28.261486952261528,0.0500449183023256,535.8388317806919,2250.3778674849223
41.3314969155153,48.638557302809474,0.0810683943152538,349.588836714411,1419.0054952419391
13.180059512497948,11.622838966566553,0.0467512427645292,579.5440175796031,2363.754199481802
51.93965234821125,33.09120631408984,0.0986379330204758,315.8768823076467,1259.4344369329365
15.337882228287016,5.515455248391827,0.0461840969377063,589.1653049982192,2436.271525509099
36.24542779116324,51.08186717608183,0.0759329712450644,340.03121303759485,1481.7486759550584
-7.764187376739471,20.58676615591508,0.0602230709073801,448.114993344044,1803.74804086033
31.919063744556155,37.8227563245344,0.0494510970634088,538.7555672146437,2242.6881882849857
29.61950984368476,42.86495804486522,0.0491087167816905,536.3424076447967,2249.985425617744
-24.689053776991685,17.77788610289734,0.0495820051246645,545.3069814979015,2257.173319134836
-19.880038405751407,33.127455465305566,0.0599189903940024,476.242242095967,1858.6833734581244
12.721881451306842,22.76361542584424,0.0471868313683307,572.8655019702405,2365.5822844294257
47.56973960846325,39.47246378786987,0.0879228495437387,359.69903733997165,1394.3345256294783
29.08866600326396,35.723961770459134,0.0479388604404196,549.857340361095,2303.9076426903243
0.4996164484935761,15.30652081700856,0.063650979159965,446.1829252297159,1795.475871024459
11.45505650493174,19.257479158316137,0.0483587132431224,563.076418946749,2308.7843295786283
33.25431585608602,47.920226859960096,0.0562749857836793,489.5129553342477,2020.3468042528275
5.620232576652448,41.74465368742265,0.0507781162400915,528.221433110753,2152.606836472517
-22.741376608628048,43.99645523151135,0.0528080671113689,496.1279701907884,2112.996805930649
32.63055946491758,42.46129421076218,0.050627591434694,525.5263522475191,2191.7086128115934
53.37273437102941,30.121617203079893,0.1084931366543539,307.9993175254056,1198.030527470353
-3.5198722798874265,25.5537517379896,0.0661739239809629,412.6825611058377,1712.656765651635
10.51576298082037,-8.75071959909051,0.0509506696329336,532.3761371158947,2183.179320268865
22.734161685259394,14.163480729887333,0.0460481608125376,574.534253501482,2384.2644366402537
48.462048277765206,9.073177708926778,0.0903126772531306,336.3248748215136,1307.6682854281598
19.85143971357224,-11.478123784251055,0.0475757488825395,565.0316837879325,2347.0490080843338
-18.91000922154473,13.015959106964068,0.0476645598199971,567.2202698626133,2322.5730080959465
24.49443540172698,8.046565416279208,0.0469337211687505,570.6107315808086,2374.102427170013
31.69793653822444,20.698279637122432,0.0515052899178342,516.0209639660585,2148.134675754201
11.52672486457172,41.88567108089011,0.0468242331400808,579.8687618095182,2385.617281796054
7.147139165603285,14.42570628005511,0.0541397535271422,511.83990779596905,2076.677588890449
13.799659402655529,38.66779738204813,0.0476568908915567,572.3058342625742,2334.6966358210752
41.97240974707012,-3.3836319828870387,0.0663961317191517,416.2565283636152,1694.4756460555443
-2.630496847248608,31.579032553037425,0.0615063426678869,449.9135795238095,1835.2717145521383
-10.899200847023934,34.087654550303014,0.0594041293799008,464.308071228398,1866.8355215176275
-5.734635247151712,37.10966074185848,0.0603954856056658,433.0784112480036,1792.113257877806
54.01638162991539,44.72969762105289,0.1006791492329955,292.3471214086015,1221.3098469575525
43.23327570291332,1.9194227308972425,0.0724521661921397,402.9160829389493,1582.5131660964396
44.32562720856458,33.970946736860405,0.0712786953705481,392.6085566936637,1624.2387687377166
23.12808230183857,42.56599261545265,0.0476691581102804,561.3915060853126,2341.139174282708
-18.2659317728266,46.56633547409564,0.0542974620448725,492.5875490738017,2052.706990102329
11.37195277924829,16.692764072186662,0.0486805436032759,556.4268759885184,2288.5232424051924
17.223180060552565,9.32752708272809,0.0444878634957259,602.1789859089048,2490.8620330539984
1.5557362779691315,12.340464080013705,0.0665018326651681,417.3258328043596,1711.5550899385482
48.581682412016505,41.28686130859923,0.0830811827614287,362.113382325253,1393.9453593832782
28.23386300524868,23.93353484468836,0.0474532468552347,563.2886134789244,2349.1344407721026
25.341028227833604,24.76682893051912,0.0463264977009407,576.7807312697854,2395.489813663404
23.765154823321133,56.49257600326236,0.0499293910758026,545.4741217729576,2230.3237383989285
29.54846478123868,35.10962880197518,0.0489229840940227,537.9090978906887,2259.8909029863376
26.686144914961965,6.824013371647322,0.0474171474494227,563.4287655317655,2335.977501533237
42.91847789156285,22.90605235011479,0.0762604397732109,372.9324949064203,1508.2656582145137
44.07548898581858,11.446007958286213,0.0748522884483501,374.5023512741268,1510.603549436482
39.38421762513815,8.402724256836596,0.0630677623561619,435.5418260408691,1788.9554424116764
-21.922460541084384,29.457576751956537,0.0559637815725754,508.4370554421968,1969.707119340878
-8.325714870026552,34.42078691562707,0.0534260025244195,498.6524616365322,2058.124233676176
15.926394558488797,18.11019609446204,0.0452679444577089,602.9227546479372,2476.102510136164
-2.4167694786094387,15.330102344541103,0.0652325075396342,428.3678119606542,1758.932661745337
12.429650773631316,42.559298054718354,0.0468687636687955,580.4810055010424,2385.506634183832
-11.226871033962803,22.47984536952714,0.059085889682002,446.4515993982874,1854.4592315386888
-16.212873857231703,29.959831084861463,0.0543145658626633,505.8224319155177,2046.496859209772
24.88477856962062,-7.584916276805949,0.0476805194015494,558.9866398440269,2341.639120690016
6.777081034563871,-1.8648135654925648,0.0575848057398136,483.2550983264844,1962.411892022938
-10.60112988382047,17.45636331716146,0.0574425339196562,474.7094445760304,1957.7498289799976
40.74458633641662,-1.6936640603448083,0.0628122256706701,436.9336285028959,1791.330387110802
48.137493538731775,16.00448013258925,0.0882922460114992,328.9804862884161,1313.6734594345344
20.13829751870395,23.56472381142838,0.0441916132712238,606.7035441712741,2519.3969718558656
15.419798782893068,36.91061573169047,0.0466132647094535,586.8916231454006,2413.263572281354
45.202702659450736,19.993406137910448,0.0767178422835078,382.38396744074697,1519.9340786751925
-23.862885379867866,44.80630587349711,0.0506443412758102,529.8877362167524,2206.686277364187
32.41228470292002,-4.942096129269888,0.0563856243939352,482.6455120592159,1991.6078500907547
47.492612337010826,48.671508263991655,0.0738288886228799,407.70047515252026,1584.0120096037956
-14.652447754395482,14.735293918174506,0.0519884397933011,536.8429606771293,2141.956197757007
10.12074389375418,-5.482318864282787,0.0511178732200869,533.3774118406384,2177.012303347319
19.19237103300752,-3.512944041283319,0.0471359654570507,554.0066564179622,2320.0626757011514
40.606194378344966,26.90055237104021,0.066193519809178,415.4244538807978,1697.9286461148097
24.51560483109024,45.23517691132315,0.0484450858391575,547.6406998947,2283.2787788028104
34.96802343217274,57.46420102559239,0.0516611717035793,516.657420152314,2157.535141717112
-12.432856124402017,17.33823152081324,0.05628712388189,487.2672577696526,1985.9856881139751
-6.9399777266287295,39.36756188549481,0.0571631899693551,480.36883954524137,1945.92956685293
52.609068068404994,37.134079837195,0.1142438146549977,300.49238242435007,1226.6243674451696
33.48972704716836,46.41769238324841,0.0546654395484022,500.5304438899781,2071.743023800768
25.37808571787149,-8.884486544122634,0.0476425029115588,547.662189588463,2326.785288466386
38.80584798386802,44.01646640750275,0.0734459307966367,407.4863917221861,1581.2850288685358
49.94378561508096,44.75147858450674,0.0843624361123968,360.0471180791972,1421.732757503766
24.27017133728456,12.941888400321403,0.0467359916447538,568.4149424514634,2344.561857350838
51.12663562977998,20.20428521745714,0.0969663897071726,316.5819158031088,1227.236785048095
25.54557770284888,20.79494348724601,0.046943238639561,568.0016017574692,2361.9090488996944
53.98691055590207,54.46437525507545,0.0769416620449613,291.1454476042538,1282.7627377548288
-7.0778030145539965,27.82273646867126,0.0597247298822708,465.3897618934348,1886.047439512456
48.01538620951003,10.78275194607378,0.0880320631185414,339.5095280428814,1318.784424546848
2.298499103753485,28.129848540081184,0.0605468978028071,470.4648217613466,1881.8252148540453
-15.372053754672404,15.998693435872305,0.0532347837457435,520.3248860447366,2089.302611742437
6.818241676307153,39.44839349061291,0.0654346241567731,397.56040154395,1695.4419798378374
48.94258816524018,-0.1656362269215066,0.0899353903641573,332.7946363690441,1305.5459413406943
14.20063687191633,1.5567264998599484,0.0471566674858116,561.7503285938136,2334.849080118743
47.798597405771616,19.719455780724,0.0828832888073132,353.76739107859333,1432.8805634649636
14.552408052058908,-10.27908415690418,0.0489249788268206,553.3231870516393,2294.552532329921
-3.635910749771117,16.055157590067346,0.0635529048769549,446.77858136166105,1805.9011921505564
41.52276598160978,57.38972933978423,0.0620592508322345,443.1855083036773,1842.1620859608825
-19.13408546881862,25.40715963298328,0.053834100528029,532.2237654255633,2067.3671256607727
-8.316111323203952,23.181716458139363,0.0605652898949428,437.6625581986143,1805.2514841201173
29.814960586814266,9.002290062086217,0.0483757359518644,557.3086343204964,2297.7607008471728
53.83255009597717,22.42782309560434,0.1104905005024733,300.0075079365079,1176.0744100538343
41.26820561228112,40.71732017080737,0.0834530352954687,313.68678724162504,1402.596716059563
-18.957062765942208,18.33947596567761,0.0525148090991371,528.9631071533535,2120.8492461541146
28.092097230496115,-5.422868807191135,0.0475536655271675,565.7538851708348,2338.970831705336
9.1343151838226,40.99329620282301,0.0510031128405831,530.1618877509217,2178.737238336755
33.87798507191371,-3.614183692604741,0.053742817175441,512.9629260247968,2103.6398158839306
28.109895687318726,45.51014874498951,0.0498609895611256,537.4374461991752,2239.665968281736
26.71096335411415,23.89549892265501,0.0467594100149708,573.6403678390777,2384.303912623673
51.242150517318734,10.737432964698268,0.0970199117537822,318.74286250373467,1230.8843690795657
53.98788294415593,40.16712157022988,0.0963907686594429,297.94875445094993,1264.6054669956768
-19.26982254154045,30.766525095614227,0.0553664333774435,504.384285463791,1997.610248188248
41.74138393422545,25.52767392023676,0.0707355084773174,387.7599225413912,1600.0886964743977
-3.8999288369313554,20.815668312752045,0.0656207726285844,403.0101070043349,1656.042918294255
11.145339737073847,-7.908171279357088,0.0502332029647149,538.9246926633496,2214.0222208508403
18.90836668524826,53.41251819733874,0.0456544846029326,597.8315835600948,2442.749189814415
-8.764978433356859,18.40514314945149,0.0613586794898323,440.36300198412704,1807.746151282298
17.888722545603542,16.328616869770947,0.0448875080781694,594.7016244240974,2463.678266068468
-16.719308641281565,32.02806197255658,0.055676447343206,487.6972871287128,1992.975909858796
5.204240710755776,35.61746054085474,0.0522279663134535,527.5160219742293,2091.9108166393967
10.713414704815612,38.86884193082673,0.0525310895194337,526.3104556265012,2115.9600359505816
-17.639574705810823,44.18123940253372,0.0535465688750903,493.4774493984431,2087.995384456593
16.709451420248598,34.02845292823714,0.0453011065579668,601.6354848001523,2487.9612129498423
-5.734689999164225,34.71548184401116,0.0538771761771091,489.55907694954135,2019.6449243349705
21.92527911099512,26.720505421630783,0.0448402453958596,586.5457202425641,2433.994051934349
21.225320490904828,58.48179558962491,0.0474205484352042,570.0423715969356,2348.8661285424223
37.470039088490935,37.56812296476322,0.0580331078101123,473.2552643070964,1950.6588413417865
23.741208946950053,-4.306876748035844,0.0477081937831081,560.1480456295951,2310.362022469705
32.32455350465227,58.64326134578182,0.0493101880988688,537.0026228739003,2258.765420071938
46.18926195088801,38.052179994656825,0.0753763161324428,381.9350655156103,1537.7178550162737
6.729840155668683,43.97087191634903,0.0493459763808805,547.0695667365479,2242.037499412625
9.707934171013092,23.04470801857952,0.0497330459692707,544.0715980157571,2238.627678397454
27.97735260139313,45.15156539426995,0.0496765764762063,538.2985068783069,2242.2917675942267
-3.685597149718916,18.816568608765763,0.0635593248803084,425.9180254820937,1719.0533488151032
28.321038276655585,57.46493189136645,0.0499262432090415,537.6512464106455,2218.226960751676
24.964604703384545,41.25270862219046,0.0475284935075373,557.5738010090345,2333.5287507225075
4.342071484285341,18.32576803385572,0.0569472223687685,480.21810536698575,1941.735772678092
48.49594959542421,27.993510231754897,0.0846215806363082,359.36257569448566,1384.3977551852972
-10.538572744938431,26.193378983173965,0.0597223697177643,460.7117720501301,1875.8123705924213
1.5526797417632707,23.476788714755266,0.0619539060799338,440.1042276940903,1786.7573259145613
28.940074301675104,40.69464734088313,0.0487443191621994,538.3454386292109,2265.618753487746
27.842351514693284,-1.5692113133769323,0.047710376014596,562.7278891180109,2340.508760154621
23.95722255040571,33.27473199135672,0.0460817214554869,585.0156904116051,2418.0613731148824
31.84806918204129,59.95614757489759,0.0500803594354741,532.8420599794639,2237.8557367871967
-28.669928306643925,31.95940846436872,0.0705490225569486,396.28785187370914,1582.8359157339337
30.36151181731286,10.23199148182142,0.0488259728976255,562.8503218309025,2304.4433793958765
29.537915497165542,-3.3939799940178794,0.047991761792929,569.1117522783762,2339.8161754077983
45.55989534906304,45.47340445757102,0.0757564411724752,386.222126203334,1507.705437357387
38.59110819163362,41.91829290654124,0.0682181691212866,413.4843808516888,1682.93596852767
16.78028761054005,4.382093041534183,0.0460734009526576,591.4070595800931,2450.368424741032
1.7722288278133789,32.46128645603753,0.0531505065298064,510.6945563485053,2074.404828636584
26.927154851688904,24.16454213310889,0.0467797787826304,573.6683563285932,2381.68626145924
-22.483832755016827,19.0594474284034,0.051274449862655,533.1071220031967,2185.058992303871
47.72257407751651,49.30485583648854,0.0734731177424568,409.02696653438375,1583.677298249528
27.239008865996567,-1.9421317477201685,0.0474638341772471,563.2507207906812,2345.609590483872
6.571376093200051,-5.053637029698361,0.0574924948770733,470.8843388579795,1931.540121243369
28.85043112784124,9.232561143979147,0.0479382210555775,563.161162741652,2318.879324939633
-23.60733873201557,20.06373407603608,0.0509460392300951,533.2267866941419,2187.2882852058347
15.9686895213312,-14.09997301683414,0.048180744353034,537.8911517325158,2271.982992976889
54.56540012755509,29.7764407037858,0.1176876959926263,298.3266723510822,1165.1132475984386
30.26913586032784,38.5959066640961,0.0486444637291903,545.1283499126383,2274.082759081105
-6.885390827610671,37.25704209798808,0.0600385163270159,429.2919524298425,1801.8388819705744
-26.977324581196697,30.67996591426208,0.0658613853809377,423.71372588713,1690.45459960949
47.56300541517935,51.27949334617183,0.0736657363439996,386.5805706855792,1579.621238573115
26.747191810025363,41.86264863846779,0.048655918142581,539.1659664209665,2275.435894685886
-7.2175588351805935,21.4953641675566,0.0619283644982993,429.4905416381473,1744.0615686693495
-17.883078156774374,36.22080592434805,0.0585867497489616,468.4373954903365,1928.384282567412
-29.064068927920044,26.24704133264494,0.0585038982096242,486.445841010137,1920.323000209871
0.0326297958594565,33.63000295589597,0.0541627852283633,494.3758316808854,2017.6398017004624
23.170370930976325,50.05753960762354,0.0483441894306119,552.5385563392597,2277.899617663225
41.62745871761992,45.78838440762608,0.0706093373510612,391.23206046430033,1600.0081102367471
-10.568064882875746,37.77835462722018,0.0591684313270734,447.7590739754573,1856.2902744110047
35.003450720143775,-4.903847725335817,0.0583421661911704,474.09938082030106,1932.3063232698123
13.266742350812123,8.383271981887557,0.0466685626487901,577.1291685709265,2382.1613887097783
20.924041860093737,11.010236938919036,0.0450856170989706,586.4351156636295,2435.005310844788
35.7424952012542,40.049200405286086,0.0537272217087777,507.0082477618882,2070.1649885137726
-5.170374426768323,28.543031720752424,0.0645286650158012,433.8937929100023,1751.9416962108469
-21.11135410507391,24.485548301384867,0.0513317532395811,545.6747428672693,2176.918162811832
-16.092083629937587,15.657335528944444,0.0526016293269341,527.3500171311234,2114.777225219472
19.04540806622645,55.67321125803298,0.0457837957745003,603.5331922571395,2470.988369882596
-1.72724434178582,39.54045694927643,0.0576344774686158,468.0710105592945,1911.2135653538364
-20.46384557382082,25.8612976315494,0.0538661961259691,518.2135575960916,2066.760486636911
-17.03201182810173,19.02957872709834,0.0536222000955464,531.1874745553795,2075.5270789184106
8.805987035977523,24.53848208421367,0.0506079946466815,536.3825826448702,2193.4626229096443
-24.459367056175104,47.02317203882774,0.0585853360316171,442.1271727934648,1913.0697422476844
12.497428490618098,8.793901659145497,0.0473100434808737,568.9836068015246,2352.1837265999625
10.038228262430756,1.7131276684684416,0.0516822231424693,528.160438009262,2153.922950292272
14.45095817142171,1.9171700758220744,0.046949157272739,567.4018002214582,2354.8980725593024
23.223588896260104,42.63165147984103,0.0477673630697287,561.8065365623154,2335.9242993451403
18.851110504245952,42.837738656800255,0.0460229606208234,590.6778347753941,2437.030333667692
24.24626833849247,25.464199671034905,0.0456908228870088,582.5080323938722,2420.094696276196
-23.29032099418839,23.506848420143022,0.0517082342327617,543.6327342462505,2169.051281273917
47.58046195638478,54.94610823162414,0.0752815994463679,376.9021133789524,1559.7669613249093
11.353328643161824,-8.252644770410047,0.0499306354331191,534.0979623404406,2230.8907948559145
17.11487856920511,2.978327212794298,0.0465551553517014,573.5006359300477,2397.2298189259973
-19.746598195883205,33.30179344811324,0.0572166842109887,489.9959258168973,1946.10356761894
42.26409435669595,-5.569449795982235,0.0615710639117287,449.4477933583666,1849.497203429404
12.207590337454242,24.96653763949857,0.0463990817143998,579.9047288025889,2402.143600293514
25.88041671272022,44.3024440298997,0.0495564081938363,536.4203003878247,2243.510562965994
0.0431155682404735,40.67851745833798,0.053753051249418,496.1920853296829,2014.609900325016
38.92529453985378,47.14666214325911,0.0698244948586882,409.8869172976463,1610.1006999592475
40.62417858086923,15.771087232074386,0.0714123492077531,387.9306560281608,1586.76752703436
46.57979655754831,59.43191666688216,0.069953668803723,395.20297290930506,1660.928996460727
35.71815191805533,7.476204516521676,0.0586990631683918,474.63515433691424,1911.2908987845783
10.150965191182252,32.24008370680143,0.0517854328589437,522.0798765143091,2143.09590947709
-0.3244757690492861,20.59340685514136,0.0642192728317117,415.4375330823637,1694.332531841443
17.084219897526935,5.692796231352084,0.0460380886973765,592.2268654281291,2452.5396114249656
33.33374606085896,7.033550234212136,0.0507647942721833,535.3477881543664,2188.3793392128687
43.9535994094219,56.11125799011592,0.0666558480430005,426.8811833054693,1759.394422653869
21.89071936504868,-12.8295817421599,0.047306903922277,555.1712264882,2344.1651235552567
52.65058706077157,9.731072494356717,0.1042285000208658,288.051229571522,1156.8585191866248
-3.609141298299996,24.68672794720586,0.0653788859796947,409.6293817733991,1712.7757079532716
30.80363595493989,58.29125250259209,0.0494519843817589,532.2200010500525,2237.693256942277
1.2874553882374258,36.26432985575132,0.0519211195368739,509.08816746520654,2083.8174840658057
44.64755713069693,29.432383590682285,0.0726530774039753,390.16342103097634,1583.8499194769397
-11.342473377747735,31.10397464027684,0.0569993569891608,487.9839511964549,1966.4112426125423
32.55505983335402,-0.9587941731413708,0.0533598995194909,521.7717478721504,2125.5839588299623
40.04466057520453,54.43377532967772,0.0622535428588405,443.91838836859625,1824.0932965876848
28.843787315429047,45.995553035242494,0.0509017353471059,525.9503758714403,2200.8411989508454
-30.495307296363308,25.07841663993127,0.0581758980053059,471.6296768471749,1913.58658464479
22.403287582555137,-1.195656304657177,0.0473775380975439,559.0222873543225,2311.686904430957
-14.043226600608772,24.38967790978821,0.0562907442346101,491.6552374535314,1960.2941725455569
-21.725114316157093,32.68918122917842,0.0567527074907982,493.4204068815177,1962.8451389007955
43.011461803120255,51.44638627434118,0.0700458128656628,397.73624264201794,1635.954822005693
32.78138547519461,57.963377058843776,0.0498707298248899,536.921846189863,2229.2626562479795
30.1617221752588,-7.5868597655016945,0.0498969780114681,537.8482304109907,2213.276297498528
47.90222902041586,3.0069542702415504,0.0855877716635628,350.9425159990519,1369.6575520534552
-16.996289609166137,12.053797917618702,0.0488059659190529,563.0462093363791,2274.1606145237106
9.694509539677398,9.402970425821024,0.0503493518551573,541.8097146374348,2211.08609390384
50.93243898054765,46.066104298676834,0.0884454318992619,345.89538292142896,1383.3852504055906
24.121056780369337,46.97428862113779,0.0489958405545547,538.0657651840668,2240.349297098285
38.605428022860096,-4.499459444771716,0.0597081322612957,478.9468828711642,1906.2233575014343
54.03477968461033,40.948460550271136,0.0985612699894525,287.2289687985655,1243.7149264076766
18.59092121078661,34.79039209628673,0.0452565698267769,605.7515311119073,2497.2967362420286
-22.994723486124904,29.03531264588758,0.0560588717856241,499.2234914089349,1964.5736941489376
16.68964888524966,-7.030522746338788,0.0473523902782295,569.3423081402258,2376.013418128116
-20.82128750805033,26.328212009504632,0.0527606462124112,529.1164048668666,2107.445451474482
20.76947622860179,51.65558423627158,0.0466228648557855,579.4711013288064,2374.868077340453
-23.86599829179483,19.725887172519315,0.0506293489126962,535.3714808224827,2202.605954087798
36.81819421858465,-4.976689921922652,0.0583202564497847,463.69296183566337,1930.1766891975444
-3.7575621500935625,15.027306005294506,0.0694829935206025,400.1462010194902,1640.1282402707116
46.75870493872085,23.387283346921137,0.0849821534413688,339.72679593284465,1382.9675190659516
22.9765688843799,14.870243590003724,0.0459663083348797,579.5901642286846,2394.588947551945
2.1518777963571125,40.44862362303032,0.0541894914440201,500.07360479797984,2009.517741290208
45.947535895024,12.42330808666577,0.0712633904945862,409.3703431603774,1617.076649791171
20.312491672784965,53.360235628425485,0.046925010681163,578.1679969372127,2374.823314031599
7.314938522110019,40.319004318338415,0.0524498715464209,519.7474964945825,2097.063552739508
25.820571630884032,46.964668164428616,0.0500271384992575,529.7055332161686,2216.164894821136
-9.916810862963722,33.776854327560386,0.0543071161121382,493.7609005370068,2040.0049732076936
37.30054867749111,32.22177908784581,0.0614874712994701,436.89324234768816,1833.395151192063
26.391808871693392,30.15700216109033,0.0462489480089564,577.0923679896969,2395.418504034048
46.095223011312896,6.6981294476310005,0.0872470857786286,340.9700586698338,1327.988691224179
11.789518765328973,31.34723035944585,0.0495423952696586,530.8865296276874,2228.995558403136
29.747436495984743,51.67992016491188,0.0517267238314794,503.71550427550665,2149.468245821632
-14.499646417400117,35.89931504445501,0.056465112087314,481.1297423956614,1979.865876728696
10.935052298857356,-13.252947473241132,0.0531807437631667,507.7385592772921,2091.3472460873245
-10.712761459252558,16.25268837106404,0.0583500466962888,464.7949989939042,1922.630290560556
-0.9617214650512196,28.079827402979703,0.0662894538101358,431.9360385379658,1720.9243111231494
-0.7467572809001268,10.241065648107686,0.0685673626627614,389.478915746181,1622.07970202374
45.43556665384786,49.925822259044494,0.0723679351433446,390.189791961339,1588.6589061675886
52.80390265998447,46.308632874942944,0.0956726937999175,315.8499193885472,1303.004328449645
5.828114055512749,13.45471239932833,0.0558327084621281,500.9589761406446,2037.3565262059376
6.80195232369006,36.43330513814405,0.0530020045887984,527.7453101295098,2072.548493376656
-33.243521493945146,25.30176052826264,0.070293695470558,390.0129121565853,1589.7487807008304
17.081381323320606,35.782232889508954,0.0454011729893246,604.929438951757,2484.6633296178666
30.26993727136337,43.35379526267299,0.0497369662324449,528.9491085614443,2221.588870976336
11.813094907392468,33.94055432181855,0.0502036059474584,537.1870528050863,2223.26610619639
23.712088866978576,-12.631769147708862,0.0476883850213878,550.3128036910779,2327.613781871796
-21.706304175240057,22.947540449971264,0.0517050277514617,545.1596334482881,2168.7850526558977
-1.4090004587302971,13.081057475075646,0.0665348144835619,419.1117597304939,1718.2054145322686
0.4293521184820079,37.00649291415721,0.0509285969987578,529.3511392767225,2130.886844115404
-9.297093245902587,39.325083692167695,0.0599158657364203,451.67140622076704,1851.807068260044
50.771846456812426,17.735064404423866,0.0951965365626949,327.9992559815679,1281.433847369097
18.638671959368644,28.06397360288375,0.0440742714282756,596.9995345752351,2480.8686243862417
15.810967130530123,27.800048683342105,0.044348704922458,599.4103309561083,2481.600194483027
-9.247898931233324,31.02224595918852,0.0595371921836365,458.4693694891117,1890.120233983019
13.09765999527405,27.58919844269833,0.0461524867254329,575.6907047241801,2391.4749976841936
18.22493939120469,28.49580804253733,0.044135594052822,596.5780411598547,2477.18182950321
-5.111956963613437,29.813231168575527,0.0609052444025504,457.4525263749,1859.2361044575912
40.601293506345925,59.46566399227208,0.0601044330760095,467.74486851840976,1883.004810717494
7.896901760185706,28.908049949020047,0.0519583813541994,528.1661048831015,2160.4460665804368
29.839909103592305,53.90265283417993,0.0493761393253991,529.7369526971922,2240.735276674681
50.53485655182361,31.31487709817091,0.0906704799836552,342.98282325719373,1324.3316417942367
5.955299694879422,-5.838884212348496,0.0600168460375593,442.7189265404781,1844.5265509747555
11.429684380728176,3.340495774974155,0.0495575606218632,547.7811124274236,2244.6338217328043
-21.77330542698845,17.57753984067805,0.0512851165886486,526.8996917279953,2173.104880282674
9.860007595860672,11.644958180336296,0.0502943917037221,541.9483188609598,2213.282325406245
22.537505203674613,-6.649414803918239,0.047800101035869,564.9714409374633,2326.5708073619658
-14.8286648619723,26.190361434213195,0.0552257936696339,501.0038837288493,2013.7103039872668
-1.1936205276751792,18.191245484217774,0.0650770100454116,414.4306187341188,1689.7709322515684
26.00166110794808,-3.610103299110577,0.0473934453392475,559.924639854818,2335.623829275284
18.7093150414492,13.603262089196228,0.0448457121243724,587.4300194801452,2434.8913129328885
18.32321390386865,19.943735186317937,0.0442428859224481,618.4073398591382,2555.407675763076
28.65294784152534,57.597894263893096,0.0510031646482481,535.9369610040864,2173.164009955715
-17.56193829708705,22.56514821758364,0.0541142839315486,530.5111000944288,2067.8504409808243
15.831239321041842,-10.606181234520964,0.048221819117984,559.1681480381206,2332.195478545857
16.336388459002045,23.38171926469151,0.0436871241687478,612.8430993737444,2564.459854860333
10.312660516957608,1.1652455389339345,0.0524626773618724,517.9630452390707,2117.6125643325245
5.364233694160191,-8.501684590865324,0.062320078021487,434.0826142395569,1758.9671571713063
16.694339146872203,43.860764490994384,0.0476490818831272,577.7350645845611,2342.4079095499906
17.646022961486544,15.90069542478996,0.0449291849216924,593.4180368454698,2452.95892558806
5.81367229088567,46.08168874556135,0.048483967747649,558.2412748167693,2299.481518819913
21.890968851280626,15.386989626288532,0.0452985584510187,586.5617026191449,2434.5294934898625
2.9601040227008752,17.410034550257294,0.0592500521591978,465.43233327514974,1870.819598106216
39.94144154697041,31.596490173192173,0.0664183601815383,408.8960742180597,1710.03151721596
8.625459101577327,12.866283382442973,0.0504950229659643,544.3216792822768,2237.1557353739445
44.523346858666514,42.572560596231824,0.0820508655746428,354.31534366863906,1417.5926121614643
-5.536887173275915,17.964590622233622,0.0640863565306537,426.57206851243546,1741.2490944679137
32.37000039884256,56.03561884011656,0.0500221715506718,521.615312899106,2203.416584078373
21.24910114570104,39.81257870971972,0.0485074131315694,545.814844353423,2280.051665393395
5.866015070939895,19.63817441039268,0.0547921703756521,491.6651473781475,2009.6838287785968
24.032241393491127,27.091380193574462,0.0454470907750624,583.5993858021111,2412.84276060344
12.897477096491414,-8.511427007477268,0.0495640789814628,542.4214494156535,2256.340148516178
22.077180449873467,22.71964658683318,0.0450995163115572,596.3006192611826,2473.182870134593
24.789480274904008,-1.8940082219877823,0.0475510489224077,560.5876650200499,2310.3114691202363
25.02234392554304,-14.601184977731965,0.0482662544810033,560.2118212238212,2290.81806216062
5.855509473932436,12.02049346179755,0.0555309072338221,505.1918893581584,2036.304906437604
30.70307792911477,50.80081959752445,0.054150815870922,478.45571496016527,2070.6683867317392
22.69258064778725,16.881886051551476,0.0457601493023651,580.7115489850993,2421.901438974063
-13.37097716123892,36.03549876064152,0.0589779989777374,464.4156690934711,1888.754523346516
24.061304607233417,-5.342848724513889,0.0476914282751931,557.2051478485168,2322.3497682044776
22.96495941496559,3.9809667569836975,0.0475152145134532,568.0275654177992,2348.438763838044
28.469464570158017,54.4392527002977,0.0494191610768455,532.466568927279,2240.1229131859604
24.5707820259805,-9.291057532370983,0.0477470032729635,551.586768056371,2324.135452264585
34.861507294634194,8.944248261180647,0.0536081072579446,518.1060318729785,2097.341521902946
-9.175430216824823,29.7168484665794,0.0593187500194562,465.8711473116368,1894.7714945415687
35.85518408005666,36.0151845182273,0.0667773323877804,392.9517959136018,1676.6423563645858
48.62108519775072,37.31009565531068,0.0890783206865051,352.89868453924106,1361.7721746686923
46.81350066864916,22.7947583883439,0.0985628094275481,288.65570269950274,1191.5030296333207
49.22350467923828,43.29643196102503,0.0835182573703505,358.40876703192,1416.1642993999094
-19.44495604607016,22.487298855754943,0.0519465099137108,550.5439358731661,2156.029661278527
51.65689350570723,22.63686772619585,0.0985999837256024,322.38087916642,1241.6426331656294
18.178612177189628,27.924730087720214,0.0440278450823054,598.896929284766,2486.4510612213207
6.294055325259727,7.629273953882123,0.0579155541336316,460.80218234610913,1904.043580943129
5.395432925106334,-6.183773059288189,0.0626233132100169,429.8495895104895,1764.2072700594626
10.075649126853904,21.42934050005151,0.0489789126610899,553.9259734005154,2271.312642499149
49.52524254835221,51.07673300441599,0.0792689773432056,367.7857349154554,1495.398253752127
50.90353126244236,42.34304061310546,0.0891872913893083,331.0923376669508,1331.1567548442104
46.06455960008847,12.69090272000514,0.0718538529973562,404.917085279547,1588.5485475637415
-3.7190748319686193,15.837697603958809,0.0645689371267205,438.0545881073241,1779.3530656179746
-8.824475700731956,25.528144040817807,0.0601734259918689,452.416249109898,1868.2751428718889
26.36734783748775,42.47980023760363,0.0490460012036762,536.6843124340794,2260.71234930858
19.096184350579847,27.951432713291872,0.0440133114760937,595.1255713873664,2479.7121361374698
16.914483438394086,6.311249497979858,0.046047666407127,590.5823921895463,2451.872001983027
19.802321361702248,-9.621972788866575,0.0473953862093891,578.3385819073831,2386.9969815130544
35.51845783184224,47.995550489235214,0.0576440280263245,482.42006067830965,1978.5968436380929
-29.13142963573788,26.71602124332673,0.0588423629220463,482.7909070249156,1905.946075584122
38.48549949984034,30.37348037711095,0.0651024118794922,418.7190674057911,1740.6038386986795
18.557695899807243,21.88434091413693,0.0440608409359133,618.2679072460309,2566.24893857537
-9.308040312620474,17.472902449237473,0.0577742643497931,475.8938367055463,1956.992249695172
7.381394146739751,26.86573390546556,0.0512564618360446,543.4674389134929,2206.194864016325
-29.776284627580893,30.649270195903632,0.07683115894244,359.2447565212201,1470.0536785158229
10.618810711497446,21.40853762166936,0.0485792714408565,560.9999058685446,2293.535481740603
32.508439010855795,14.259853643404064,0.0529493571781931,513.8992214884884,2136.179805282288
8.61287958562837,50.1415238972335,0.0466345862348654,582.6649900908825,2393.6220693722894
23.217728002289427,52.11313651525016,0.0483997675398926,557.4650901937757,2291.919098363647
-12.869695296235648,24.32779185348337,0.0580066418798622,470.3892348027842,1900.8706532015017
-2.488284044224905,11.63201948594508,0.0714885107096568,382.6932395038168,1582.860145472462
-16.037541020126,20.612400799739163,0.0551328939521082,520.1371331515295,2039.9326538655905
-12.00143541451424,27.734484865991263,0.0558344540451907,486.23724508704646,2003.5906792543483
14.556176578569383,-1.7305452218362731,0.0473467556300776,559.9560839965147,2326.3183193162818
29.518885485844592,38.75319961186469,0.0490510588249077,536.086350799393,2257.8032955772505
-9.238391116298144,22.344113602563795,0.0609420036832093,431.2524407773689,1786.5478558651516
20.538528669679067,0.3236600799384774,0.046728513849244,568.525616768559,2356.5216885900736
35.71134281311046,59.03616858384064,0.0563029218391941,477.7276820724168,1999.455251571944
41.16074129688784,41.70779220385803,0.0844741857347289,356.1924501424502,1388.6853767984464
53.97632824911926,45.68688803118492,0.0991785632866036,297.91874677448124,1246.3778927311266
-10.177519217522375,21.24790121361029,0.0593719476043872,450.3875687629579,1836.576404964989
18.710785668566373,27.713207124564683,0.044004627351095,596.4787776302879,2486.252280986438
22.903032606581306,8.819757740929841,0.0463002467079605,577.1706043013279,2397.0823329183554
-22.17224956594591,16.1251900576709,0.0492402444162044,536.5555841538014,2239.285499584692
12.383785233411544,-16.16191989132899,0.0513227179267359,507.700292205158,2136.693814001538
13.663764710441107,-10.357026947997738,0.0495694811589004,541.5019873335306,2261.2972032511057
37.02891873266685,49.040001312766776,0.0622317003573878,434.94068498667457,1819.3510529427645
24.562912801945963,-6.108114804191596,0.0480551445529775,555.2981009756671,2311.0772398081126
-22.695348584681085,45.99589196819018,0.0509975619751986,528.6448415319954,2196.3829170085664
11.107255827770524,6.311825670314271,0.050492999675737,535.9065775489089,2208.8419242813816
-14.851744010795189,30.01064380367098,0.056288645387157,494.6066204950321,1979.8454856706269
51.72270199616611,14.865162594157866,0.095780631419545,320.5850945664465,1237.6412362328945
28.572024668435134,42.76553992530331,0.0493400158527377,531.7625521429405,2242.520110591529
17.534671853235828,-11.997515379319728,0.0471787542196622,565.1209675634309,2360.628307156911
54.508598178578296,47.57912918436288,0.1050623682792972,294.45545215693227,1210.583252333717
37.39330462861386,28.959688323926144,0.0618495902847796,428.3424546580918,1826.95810194804
43.1739632807805,28.334109511174788,0.0720762833386548,387.48693756194245,1579.03553368726
45.514397940126514,36.66108374544514,0.0760387291371361,378.0673839667458,1532.8754414971004
52.247848093045945,18.741073075572025,0.1035557859474462,318.4687174493855,1242.0140718137654
19.03633768601955,47.993712899305535,0.04544965420531,581.87131627289,2406.1965146258703
12.38637310137117,18.49849346913068,0.0480413308323084,567.59497814433,2326.046604745364
-11.4664229937447,18.98667428267379,0.0595613964635526,455.6480640935672,1858.7877479249487
-14.973438948659094,48.27594294490669,0.0530904932732117,506.6459067254039,2100.12710008918
48.56783138827102,54.18502058344244,0.0775028723496931,357.861649329254,1518.7142349140977
-13.91493835120336,22.58785477371261,0.0549793168905337,508.54476129943504,2026.973066875512
10.000576718179673,-13.31398441339803,0.0548010084625662,496.1438921137497,2028.417331019308
36.87065392240055,33.33194066062384,0.0570425422834998,475.487149008366,1967.5473706173825
24.475218554152377,-6.613002253051183,0.0479275615262653,554.933372454385,2320.343379045641
47.31811723626399,57.70628612916229,0.0741718425353295,378.10776277199625,1603.3693176543422
4.702364754198122,32.975333388985234,0.0543865460705426,498.10730167954887,2028.844127624675
-5.502814801040206,36.13217874777296,0.0570262290666299,462.51084565366193,1897.879547947325
41.53871715854932,37.711574842626746,0.0754793207504345,354.49727941176474,1535.9541533306328
6.284877767369046,24.19962904659073,0.0533301605482592,517.2389309490994,2092.8510825788103
15.64432498539356,30.87830458579076,0.0448736685657246,587.5561309957762,2442.183415284537
46.93968944712476,27.416680869989563,0.0815976204264674,372.0430210789483,1431.5717028874203
2.5455517098503435,9.917265601816164,0.068346667357198,393.11342867149193,1621.536389248521
30.17580585550411,40.89300160126516,0.0488932781546266,536.2786897033159,2256.4788795472587
10.039050283007484,34.84864249296117,0.0545231920731858,494.75680276816615,2040.390404512608
-12.979666887384116,23.500935944883643,0.0574756165685587,471.8303409143652,1911.7711232043864
33.62394857273115,39.5057344759349,0.0524525376719216,513.3375280766604,2139.795006327664
24.398070495011112,34.84504723839528,0.0469265549109622,567.893048628282,2371.506497750788
-0.9778983875625542,41.9904050810282,0.0507884030202566,526.3686699749029,2129.639742862513
-5.35579160449128,29.32863961327606,0.063289663964178,440.2628329234223,1787.3837550992926
-12.646326932838855,26.84419444181146,0.0574928483547304,477.4863351476167,1941.6188445601124
48.99489297288713,32.949270522844465,0.0864673581191645,346.4056264435541,1368.7316548969452
17.41854366710883,21.4975967868402,0.0442424232079867,613.2372287620635,2551.421526577627
47.864546793916205,11.506556072750335,0.0888738698579126,332.48896846809373,1307.0013926839754
33.699370488384616,41.250588615417,0.051307895188481,520.8001337202553,2158.746748916855
-16.7779626732806,16.732492558876295,0.0524051471911722,532.2479607567504,2119.398135523564
47.56011325516121,33.19166591010791,0.0824246266355931,375.021310483871,1429.7533214832588
-16.79812849098699,30.151218146645952,0.0555042767075449,495.5730508295715,2000.807370725335
33.3921422259658,40.91781988441252,0.0512052214950377,522.241699153034,2160.953844191912
41.1140357816075,-2.8139039373403207,0.0616689081933274,447.00700672790026,1821.5562831380555
14.426147608113451,15.823183006346646,0.0461816823934875,580.7183467531714,2382.5646176009086
-17.699682128809464,16.863224317858432,0.0522171800264947,531.1242857978817,2124.1641369745207
30.528065642648627,11.152461045205309,0.0489445488801585,559.1377714123047,2300.301931911664
31.31895533364729,57.669782508681294,0.0494186183532407,532.2718058365306,2231.998521529048
12.947595817543238,-0.4377194408892322,0.048046522879529,556.4226495161944,2288.052879027193
52.79817067583757,44.07049880164686,0.0952943432015798,309.1851968138858,1279.7495773681112
49.20243706725998,26.067794744704017,0.0903096854983533,342.25400047701385,1299.6176979466006
37.8123285986417,58.251544868746734,0.0611693343888564,435.2446261104901,1843.2338460350047
-0.0778212172157566,40.30452666688946,0.0538521326520837,495.8450002281542,2011.0645907371195
26.55591886957673,39.16998463431212,0.0473070696301894,557.4173333333333,2349.4526784415566
5.012980935896898,13.339002468670166,0.0593920559606447,468.5213995571779,1916.631025707925
-13.695302271826474,27.548564924245653,0.0556509677014068,490.7380833480487,2004.28644828286
10.600495776842116,16.002102753832816,0.049211481052608,548.6790833770932,2254.977969690425
20.28242936799409,6.999168423825797,0.0453763497713382,589.4605830267062,2474.296165845068
16.812186018937453,46.80907412522886,0.0445745509175056,593.2529800104295,2462.5511086814245
35.2865446896415,47.08556460574096,0.0585788176169623,470.8459029553428,1941.322986994581
43.64673681919096,47.45422644224584,0.0779831956819445,359.3663915602961,1486.5631720109304
51.706404640941344,14.707298538862794,0.0961878250317066,322.023159111217,1232.8606611600585
53.681017662967776,18.64379832491761,0.101173640259144,306.594430650225,1224.4263824701331
53.76350488056883,22.343294521887948,0.1090335004314637,302.9182628503279,1186.500981650884
46.04506645292746,16.08500664892012,0.080057048183681,360.6465351913085,1432.5241934351025
-19.36776679172029,25.13387671846779,0.0536004372335022,531.913608385843,2078.672247376064
10.772397475234676,10.379203331844955,0.0487319697457729,558.1739902278213,2294.1639118856983
29.622886490705568,39.06131953844878,0.0486050367005424,546.71814524617,2283.7155486370907
-21.07200134824423,25.330626464105563,0.051131418039796,550.013080889728,2182.721492250959
-10.347940045685746,29.569219881876208,0.0581304614857834,475.8610224194025,1929.2645763370008
36.71584858639247,53.93061207938001,0.0728104181642699,363.15948521089786,1534.4216745718331
27.27895805393495,56.74435606686704,0.0495047232153832,538.9964209419189,2237.076768326706
23.388086451926817,-9.425445724700392,0.0479321261617175,554.0074504185827,2322.574958666221
2.273390019262763,35.32075716354389,0.0495369432232404,536.4184741044946,2184.3024968497816
20.18533035174745,48.838779288789794,0.0462041015691538,572.4391531417382,2358.5524922256145
-14.021185110217107,30.35005035109259,0.0558521881477599,500.8590669099041,1997.3770277586
27.486966284905527,28.752615417693,0.0468097989479811,574.2468388879093,2385.395288656608
21.24430550363676,41.71377993689792,0.0470964699771439,569.2325419094044,2386.1939912853445
-8.668356991472649,35.07397721265804,0.0605683392868036,438.7710210355987,1811.3878394476733
42.68336800812975,40.0645186366078,0.0758509601010073,385.1471988798856,1513.6262279632583
23.673648409183244,53.89975609003997,0.0489252138442726,563.3625134018183,2280.0980644954134
-0.4553040522814768,11.283781827678602,0.0693453831463288,394.2862498808389,1631.6882442725605
-4.377794410150813,39.49824462730001,0.0555559902653821,490.3959001404823,1999.8554934824224
20.47032859092583,-13.428483039458785,0.0472724107909632,558.2576503422854,2339.8007067656613
25.31568172737201,23.02076968970153,0.0465094272873121,579.76663895767,2399.081648826742
-32.959234197961685,24.712304123991835,0.065986807589677,412.3203476731919,1683.553113004844
25.014842307805992,-2.0542579736487028,0.0475087013776207,563.61194104885,2320.8509152009974
3.4166179072991696,32.437412930924296,0.0540523878932221,507.1744365795448,2044.181556692993
46.091321263120506,34.72198263989824,0.0769097118031456,380.3005502620295,1531.593889396997
24.73371230112609,33.08427831429568,0.0464777011605759,578.3147528579847,2397.0822572355337
8.42105039227561,46.94444482658842,0.046518611911464,580.5289811899288,2410.468369284124
26.25286175729896,58.79491006431456,0.0495253815609099,555.5869275208848,2249.7945402307137
9.138913792432,15.220720548864875,0.050405349617705,538.0683263139473,2201.466988845269
-10.775205855162348,17.259430835538467,0.0569990812963805,480.2202276923076,1971.33588937814
11.748702311701187,32.73958855812904,0.0495694067292048,537.4194806668617,2237.3715608055986
28.913776419906853,58.85594986966896,0.0497180186104897,535.8711092269909,2229.092947824132
-29.23943223382097,22.274081520874624,0.0549248842462812,495.9283741057816,2024.0472238924265
12.030019347084377,11.847777910493283,0.0476062956351022,571.6060805783919,2325.9452747785617
52.94438006131864,11.003486812386043,0.1017977842883201,297.4671105686216,1200.00422968935
39.361089154544814,-0.3665759757288889,0.058553197787829,468.9501287180992,1922.7542758252007
3.634776501571025,16.451189152811367,0.0594196213679016,459.9587397580504,1872.7444021351373
51.4371894472407,30.367252171391605,0.0937319466230125,330.5032162435341,1290.6448555017248
15.567110546764871,-12.539322332565472,0.0482927606992784,547.305570146101,2299.40995862977
8.225420228333974,-5.652007946885105,0.0558159505583252,483.099923081426,1988.2189221090864
39.00025336039453,49.49669510673806,0.0715075858524747,378.2717495447871,1575.6361280690303
-12.08154219911534,33.28674346029484,0.057384633394668,481.8004678705441,1938.8642646820947
16.0751212246281,-16.306010143662064,0.0485501368020732,534.3746597747618,2250.47616382036
36.56801092303317,59.57822877138693,0.056656097694048,490.26766204822826,1992.125435740048
22.60865921438723,57.94049745225219,0.0484058490361472,569.9320031865927,2302.894347456333
10.030434550281214,30.582236164506284,0.0511123633690023,524.7900750626494,2161.7407413654546
-32.17032127589322,27.53763227911581,0.0713401912587644,390.78700835222526,1584.6512198998007
9.676299873114536,46.78387091813113,0.0454229975319326,599.1071761106207,2462.8449547931223
24.65012917466352,1.35259743071299,0.0481748912445168,555.4966534537351,2300.4262081919896
50.71036845695991,59.85824830842452,0.0876579787640765,314.7722451126921,1401.028569810035
18.120152444819247,-12.94420906401542,0.0471994035438557,564.6184523684057,2346.425801872172
31.08615834189557,51.59834081877578,0.0528884589489766,492.2173641881639,2097.9908541079126
31.705703216146503,47.57668142419577,0.0533613834510376,509.4335513940908,2119.8104348214133
45.30494669979818,34.76557212662664,0.0781342910546962,363.36685639312975,1503.1473421410376
-21.70445575434487,15.746118957508976,0.0503859993874234,523.6233049157386,2190.906445514707
36.6481125560688,7.262331574293892,0.0623255135963708,443.001746825341,1804.43890567927
31.912676438312545,-6.74921848406238,0.0539266325439335,499.3500690462258,2068.143039986885
25.59234929564952,23.05619250375108,0.0465728086394622,579.7331252210823,2396.570803124446
53.23892739939538,18.39814551702948,0.0997927560693426,313.0124417439836,1228.8142394501558
35.714120489545124,55.293701956441936,0.0541996911037023,499.1509507280139,2055.885989190616
17.557465311889167,27.185133442304235,0.0439339370702026,600.1255349187062,2497.387776153913
-1.1305450986189456,24.735236817971767,0.0678995271197378,394.852922576145,1636.1286706060428
26.47087803940076,9.082635795123622,0.0474605696670003,564.4120025873221,2346.114295547896
40.266501068316245,42.08938912522388,0.0763472332827941,397.0124185001183,1527.3162748183768
31.52863677882988,-6.169935303572114,0.0525620863219103,510.6228432039405,2119.9011793796035
48.62356519571331,5.915365350001245,0.0935855121008599,324.7430068315665,1266.3250084778783
51.724822280624565,12.399623048276297,0.0975708565799842,317.0566606725409,1241.706535327742
32.3387112885616,6.91340332400052,0.0497515746674731,541.1980724991286,2222.4034474297337
-15.933135813422876,21.45370399522514,0.0546275014156874,523.585586791558,2054.908129648752
18.50746879125772,24.994527588627165,0.043854307635622,605.1357735189607,2516.8102099175985
45.960344856036215,10.40585387134092,0.1178868574563436,235.599576760066,979.3266030781396
16.745964123436252,7.939404069483356,0.0450883157384926,604.2945941994533,2498.1929379109656
44.66168155730627,27.379435847058147,0.0745806601578663,372.2886677180071,1527.4427834476908
-1.1894312521575472,11.541278009841562,0.0715253555040347,382.2416051435406,1587.5215490804708
12.202628107903417,-6.480004298902919,0.0492983261469614,543.5371129986528,2252.462492917258
1.7104031526385768,30.401154116037468,0.0635420528868236,439.0963918216057,1783.125296073114
22.17595674227596,1.6891730145739636,0.0471725571877959,566.1446321650451,2347.162039503968
36.01451114331306,48.89392350224543,0.0585675287672246,476.1727535098631,1932.092724571385
-5.14771318236966,21.34194784541044,0.0631383587234995,423.9334982888433,1721.092481298621
36.04544102351427,49.88450120150928,0.0577841855409414,495.0378243315034,1951.635812561152
13.409605102634217,5.833408108277371,0.0472007377107604,573.5054263006634,2375.9995286548087
10.522264586699244,4.739108685997955,0.050519389241842,537.7872146086548,2204.9800493955054
13.401356160724909,-7.047384834346904,0.04826567933299868,552.6501326031915,2311.915854318551
-23.45529501833977,18.507452055588928,0.0502182091345211,541.4839933731732,2230.016945608592
-20.73923891150395,22.820176833722364,0.0524223922936339,539.0030490172862,2137.6291481059952
-31.152124749927346,20.514293153981072,0.0550514031122211,497.1308842055965,2016.4466525034416
-22.128813425556142,18.96613011555312,0.0516929882188349,534.9932945979527,2166.629646750115
-23.926045019156778,19.862130918428285,0.0507367288783993,535.2141245214112,2197.5025673609275
-29.08617226506201,21.180660324947453,0.053918635902488,504.9476785421306,2059.930283618528
-29.26600755991232,18.01914379991355,0.0525166776458971,515.4722432353113,2117.7574898073126
-22.962781640248803,20.47672457671031,0.0503446901010046,544.1134877833383,2212.650302326229
-29.524892941763127,23.302963982776028,0.0560858969389798,484.9014859856925,1981.5218829311984
-31.089781736551863,20.89359708491323,0.05604928291516612,485.1795897225799,1980.1957164010357
51.70873925202391,-8.835532699697223,0.1144495309565698,286.4830620109222,1140.7166100901163
50.58719649844537,-4.163540769282834,0.1013221336979396,288.5089846392923,1170.7538225137373
50.59189719315388,-4.301730896748234,0.0991411175550577,297.9365219316618,1197.6027918945092
53.04935313676972,-2.922947438618781,0.1089700501196053,279.2190885320279,1122.4481991350508
58.18939005575013,-5.232037970584285,0.165692590032477,206.7560455830176,859.1321019564426
54.99974856872517,-2.0159035920431485,0.1211190478455857,264.7912440860852,1052.3199003568006
52.15278791447773,-0.1505658346811387,0.1034071222505225,292.3899841770269,1184.657750713768
53.854960242491785,-2.9990794977682835,0.1059822964727809,290.20991632544064,1161.8581042595083
51.51260400760832,-2.2154131071239918,0.1024202112780609,288.2414218628332,1179.7523538441883
56.47306775230955,-3.4188382634368466,0.12842677444521455,274.64382203896264,1034.713498824105