Job.Latitude,Job.Longitude,Finance.LCOE,Job.PanTyp,Panel.EM,Panel.Irradiance,Panel.PVGen
52.0,22.0,0.5622449778448751,4110,1.0,299.7798472452116,651.0440260733914
11.0,24.0,0.2684570310279774,4110,1.0,556.8862431988744,1230.45584079109
47.0,23.0,0.4752297358380133,4110,1.0,326.62625391942254,733.6398803143595
-29.0,25.0,0.320412556236726,4110,1.0,472.7982881336,1021.4508905040524
7.0,29.0,0.2980521511856894,4110,1.0,514.6581232176806,1129.983580903301
-7.0,20.0,0.3388979388671808,4110,1.0,438.9441055900622,943.4643355924192
58.0,29.0,0.6126902562468682,4110,1.0,283.83650429455224,579.6092131743335
21.0,30.0,0.2507884437479006,4110,1.0,587.9361523975589,1287.9454681505615
-8.0,25.0,0.3428110804036365,4110,1.0,432.0185637852808,956.0966577730642
-3.0,30.0,0.3653164704559255,4110,1.0,427.5891450904936,916.6418218689008
39.0,27.0,0.3238241384608161,4110,1.0,455.4810545347813,1021.0241637150776
-17.0,20.0,0.3018501234256666,4110,1.0,490.8269910197329,1090.0627564991894
-21.0,20.0,0.2873973312604107,4110,1.0,517.2671285088238,1145.1701289063724
-33.0,27.0,0.407701271554983,4110,1.0,376.3429817663479,811.4810652201289
50.0,30.0,0.502390058073455,4110,1.0,340.30115164546385,706.0050909435596
48.0,28.0,0.4641187622103098,4110,1.0,340.1776625690361,742.6007965308049
-31.0,24.0,0.3250232885321607,4110,1.0,465.6897776866284,1004.1056221676456
-4.0,21.0,0.3611626978914644,4110,1.0,409.1113080082136,885.63622992844
-23.0,21.0,0.2844606891273611,4110,1.0,519.2338292367399,1148.1159132065684
20.0,20.0,0.2488005394495538,4110,1.0,614.3864574290485,1333.4163166774215
-34.0,20.0,0.3871695144911758,4110,1.0,390.9440955458927,846.5298419526374
-24.0,30.0,0.3679888090290952,4110,1.0,387.7720795156878,878.5105888399592
0.0,20.0,0.3574641044432052,4110,1.0,409.3399592744695,897.3826546859837
49.0,20.0,0.5458281480500637,4110,1.0,265.3281168037603,632.7650713526145
55.0,27.0,0.6941090344136298,4110,1.0,297.1491022078214,609.2760062215839
49.0,27.0,0.4891890739494546,4110,1.0,331.6037013876481,709.0690694719547
29.0,29.0,0.2660158836858274,4110,1.0,569.0787592275439,1236.8245098196198
-16.0,29.0,0.3003098812840699,4110,1.0,504.272449779865,1087.224193181807
38.0,28.0,0.3413134410391629,4110,1.0,429.9817584421697,969.0207721327567
48.0,21.0,0.4708096420604911,4110,1.0,336.77514285714284,759.421859397594
51.0,22.0,0.5403916182559986,4110,1.0,301.5717809610412,664.0027375058354
23.0,22.0,0.2561028486508687,4110,1.0,592.306173604121,1282.535563404393
8.0,22.0,0.2929163063129127,4110,1.0,504.6980256261595,1114.7942534778133
22.0,22.0,0.2527762122217864,4110,1.0,599.1319417096144,1301.4864549327667
-5.0,26.0,0.3489681388995283,4110,1.0,425.2446824633292,947.4123972275904
48.0,20.0,0.4854996727777359,4110,1.0,316.0535828738395,730.0823103211992
59.0,24.0,2.400476149513041,4110,1.0,277.6067128665182,604.7398929012473
-29.0,22.0,0.3033322627276877,4110,1.0,500.0421658261992,1076.79501794955
-30.0,23.0,0.3136215740513887,4110,1.0,484.2631044426211,1041.365077587584
13.0,25.0,0.2624276692680852,4110,1.0,565.3918047867048,1248.5235676461043
43.0,22.0,0.4226922638273411,4110,1.0,362.317953294412,804.9319867443686
27.0,22.0,0.2634650675318954,4110,1.0,574.9923066299958,1237.28467989119
-21.0,28.0,0.3044241889673191,4110,1.0,476.1759512109717,1065.225058219195
6.0,28.0,0.2979373820698444,4110,1.0,512.1593438172686,1136.4651149428882
-11.0,30.0,0.3019819861707403,4110,1.0,502.691040094479,1088.3469445653009
27.0,22.0,0.2634650675318954,4110,1.0,574.9923066299958,1237.28467989119
-21.0,28.0,0.3044241889673191,4110,1.0,476.1759512109717,1065.225058219195
-11.0,30.0,0.3019819861707403,4110,1.0,502.691040094479,1088.3469445653009
43.0,22.0,0.4226922638273411,4110,1.0,362.317953294412,804.9319867443686
6.0,28.0,0.2979373820698444,4110,1.0,512.1593438172686,1136.4651149428882
45.0,20.0,0.429634663839222,4110,1.0,358.04585293765706,799.486490569419
47.0,27.0,0.4554414081074092,4110,1.0,337.5858743418329,756.7065245753112
48.0,29.0,0.4677150781417985,4110,1.0,342.1785338716381,738.6926393714649
46.0,25.0,0.4460524474975871,4110,1.0,352.5052392956004,760.5551041737383
20.0,20.0,0.2488005394495538,4110,1.0,614.3864574290485,1333.4163166774215
50.0,26.0,0.5413849291587534,4110,1.0,327.6233441290708,683.7071295082468
-28.0,23.0,0.3091962093781727,4110,1.0,483.7603335289286,1055.8292818943596
46.0,26.0,0.4562286702968021,4110,1.0,345.45001991632785,745.4644756802924
12.0,28.0,0.2650482787685949,4110,1.0,561.7798948236265,1241.1124949312175
-25.0,22.0,0.2916980588181003,4110,1.0,509.1524634174984,1118.8778322840888
30.0,21.0,0.2771754991819414,4110,1.0,541.9680773081849,1173.2631173324942
52.0,30.0,0.537762567616677,4110,1.0,335.9102589964038,676.4311079996002
2.0,22.0,0.3460025974110004,4110,1.0,428.2585062111801,936.3380840212662
11.0,30.0,0.2795444574872231,4110,1.0,520.0744209486165,1162.208326172136
-28.0,22.0,0.301594906023255,4110,1.0,497.6606395171687,1081.1200086943606
-23.0,25.0,0.2895236393556888,4110,1.0,513.8212776659959,1135.2285201232542
10.0,25.0,0.2728858340234672,4110,1.0,541.2440264456981,1202.6365029665044
53.0,27.0,0.5572491338833447,4110,1.0,317.472514494053,652.1207006746496
39.0,23.0,0.3508517133968327,4110,1.0,422.6485365337099,945.3329584607288
-12.0,21.0,0.317578644524971,4110,1.0,475.6588639198089,1020.2082175304556
52.0,30.0,0.537762567616677,4110,1.0,335.9102589964038,676.4311079996002
48.0,29.0,0.4677150781417985,4110,1.0,342.1785338716381,738.6926393714649
52.0,24.0,0.5801344668660212,4110,1.0,298.36631860045577,649.1551785649153
52.0,28.0,0.544373471239925,4110,1.0,334.3144880331114,663.927253279199
3.0,20.0,0.3337489694692626,4110,1.0,433.9085835814061,964.9930163228026
8.0,22.0,0.2929163063129127,4110,1.0,504.6980256261595,1114.7942534778133
58.0,30.0,0.5381131793330071,4110,1.0,292.0376093459067,590.979125857193
-20.0,24.0,0.2946197068426584,4110,1.0,498.17565611340814,1114.7197217573255
42.0,26.0,0.3929639463708533,4110,1.0,367.5101979769631,848.8759486141166
27.0,26.0,0.2618391616934784,4110,1.0,577.130460292305,1250.0153365699537
0.0,21.0,0.3596929089142245,4110,1.0,409.0482872461784,892.4405533262486
-28.0,28.0,0.3327926330562918,4110,1.0,455.197228844565,986.48949133296
58.0,25.0,1.4784156430451734,4110,1.0,280.9867247403494,593.4417047680838
-20.0,30.0,0.311184925884744,4110,1.0,472.950258369851,1043.6947762007946
1.0,29.0,0.3462967250099722,4110,1.0,447.5964697547684,975.685655859706
-20.0,30.0,0.311184925884744,4110,1.0,472.950258369851,1043.6947762007946
-28.0,28.0,0.3327926330562918,4110,1.0,455.197228844565,986.48949133296
0.0,21.0,0.3596929089142245,4110,1.0,409.0482872461784,892.4405533262486
1.0,29.0,0.3462967250099722,4110,1.0,447.5964697547684,975.685655859706
58.0,25.0,1.4784156430451734,4110,1.0,280.9867247403494,593.4417047680838
18.0,21.0,0.2472060172030916,4110,1.0,615.5848827248867,1345.168445123973
37.0,29.0,0.3347386348184992,4110,1.0,444.0383470427877,994.683543177838
45.0,27.0,0.4167857216766715,4110,1.0,345.6377034260614,809.2570962952259
-15.0,29.0,0.3148936568220608,4110,1.0,477.4040168126506,1038.240872427124
4.0,24.0,0.3243475650862859,4110,1.0,462.8601398324801,1011.8092003708152
37.0,29.0,0.3347386348184992,4110,1.0,444.0383470427877,994.683543177838
18.0,21.0,0.2472060172030916,4110,1.0,615.5848827248867,1345.168445123973
4.0,24.0,0.3243475650862859,4110,1.0,462.8601398324801,1011.8092003708152
-15.0,29.0,0.3148936568220608,4110,1.0,477.4040168126506,1038.240872427124
45.0,27.0,0.4167857216766715,4110,1.0,345.6377034260614,809.2570962952259
42.0,21.0,0.4020375591099822,4110,1.0,370.1655727370049,841.0476653341649
50.0,27.0,0.509359673541131,4110,1.0,334.326050648032,688.0543102528541
17.0,22.0,0.2504085331240487,4110,1.0,606.9379141462252,1326.607521887671
52.0,30.0,0.537762567616677,4110,1.0,335.9102589964038,676.4311079996002
46.0,28.0,0.4325124236391772,4110,1.0,342.6660280082378,789.7964393091913
24.0,24.0,0.256390097721169,4110,1.0,584.7562071071953,1272.2464764455892
54.0,20.0,0.6024173362337772,4110,1.0,310.40618350047754,631.4633648852985
-2.0,30.0,0.3519715239957026,4110,1.0,437.54675999758734,954.914920530818
-27.0,22.0,0.2961236197472054,4110,1.0,501.66409229506274,1101.5584057854417
32.0,22.0,0.2825182745980747,4110,1.0,531.0122297501453,1152.4869576770584
17.0,23.0,0.245352986936869,4110,1.0,612.3554235942407,1347.7280295416126
-28.0,25.0,0.3162112543140752,4110,1.0,478.89006709114494,1037.309074349845
-12.0,20.0,0.3306336742429838,4110,1.0,457.9794020378457,978.4630028562796
-16.0,24.0,0.3084524274660408,4110,1.0,483.395603348358,1056.1608024264408
22.0,22.0,0.2527762122217864,4110,1.0,599.1319417096144,1301.4864549327667
-10.0,27.0,0.3168886929736051,4110,1.0,478.07827683381686,1039.3561210037876
19.0,21.0,0.2474032566266324,4110,1.0,614.3142781362006,1344.871662792404
-25.0,25.0,0.3056522319993554,4110,1.0,490.95396064952,1077.4209628929846
50.0,26.0,0.5413849291587534,4110,1.0,327.6233441290708,683.7071295082468
42.0,23.0,0.4000918527454023,4110,1.0,371.325840242309,846.4545190190884
-27.0,22.0,0.2961236197472054,4110,1.0,501.66409229506274,1101.5584057854417
44.0,21.0,0.4361555015349724,4110,1.0,343.78423688926057,784.0727874460977
48.0,24.0,0.4866894273008447,4110,1.0,345.3840823103837,708.0886095263758
-7.0,28.0,0.3365567088942702,4110,1.0,456.3143134993758,983.1690680068524
7.0,24.0,0.2939868587789018,4110,1.0,506.6751280373831,1120.7669160691364
9.0,26.0,0.2760447822452311,4110,1.0,534.7355513908534,1192.2373612685697
-1.0,22.0,0.3665632565810112,4110,1.0,402.4787184576774,875.4153418166267
28.0,23.0,0.2658305572472131,4110,1.0,570.3689793579323,1227.208876432868
48.0,30.0,0.469422382463321,4110,1.0,345.9917984,736.6897687955168
49.0,22.0,0.5066336414967951,4110,1.0,318.89980617828775,687.9068217133491
53.0,22.0,0.5928842256932954,4110,1.0,300.0767103136882,636.5299193340406
-12.0,28.0,0.3109777097152838,4110,1.0,491.19423750221335,1055.6669312476624
19.0,26.0,0.2461756274473567,4110,1.0,594.5821339042878,1310.4386038914402
46.0,23.0,0.456190025534625,4110,1.0,347.7904969532036,757.909094391759
-8.0,23.0,0.3403821370063942,4110,1.0,429.89518840412654,941.5511327873172
50.0,24.0,0.532690385327822,4110,1.0,320.5413558154723,676.8610832949706
-30.0,24.0,0.3169088727146986,4110,1.0,476.5414634689808,1030.2869902871334
-12.0,29.0,0.3101232498267476,4110,1.0,491.3306884549584,1058.1366911205982
-24.0,24.0,0.2945541505464334,4110,1.0,507.26894447739954,1118.85234563895
-12.0,28.0,0.3109777097152838,4110,1.0,491.19423750221335,1055.6669312476624
59.321981,18.149414,,4110,1.0,277.0197448265882,692.3149071548172
50.262951,-5.0507,,4880,1.0,311.9654751179879,1143.769455670235
59.321981,18.149414,,4880,1.0,277.0197448265882,1147.762598665633
50.262951,-5.0507,,4110,1.0,311.9654751179879,688.6589479715193
59.321981,18.149414,0.2530253891146158,4880,1.0,277.0197448265882,1147.762598665633
50.262951,-5.0507,0.1417937337528167,4880,1.0,311.9654751179879,1143.769455670235
59.321981,18.149414,0.7193868871191846,4110,1.0,277.0197448265882,692.3149071548172
50.262951,-5.0507,0.4600936068830748,4110,1.0,311.9654751179879,688.6589479715193
59.321981,18.149414,0.2530253891146158,4880,1.0,277.0197448265882,1147.762598665633
50.262951,-5.0507,0.1417937337528167,4880,1.0,311.9654751179879,1143.769455670235
59.321981,18.149414,0.7193868871191846,4110,1.0,277.0197448265882,692.3149071548172
50.262951,-5.0507,0.4600936068830748,4110,1.0,311.9654751179879,688.6589479715193
59.321981,18.149414,0.2530253891146158,4880,1.0,277.0197448265882,1147.762598665633
59.321981,18.149414,0.7193868871191846,4110,1.0,277.0197448265882,692.3149071548172
50.262951,-5.0507,0.4600936068830748,4110,1.0,311.9654751179879,688.6589479715193
50.262951,-5.0507,0.1417937337528167,4880,1.0,311.9654751179879,1143.769455670235
59.321981,18.149414,0.7193868871191846,4110,1.0,277.0197448265882,692.3149071548172
59.321981,18.149414,0.2530253891146158,4880,1.0,277.0197448265882,1147.762598665633
50.262951,-5.0507,0.4600936068830748,4110,1.0,311.9654751179879,688.6589479715193
50.262951,-5.0507,0.1417937337528167,4880,1.0,311.9654751179879,1143.769455670235
59.321981,18.149414,0.7193868871191846,4110,1.0,277.0197448265882,692.3149071548172
50.262951,-5.0507,0.1419289239412358,4880,1.0,311.9654751179879,1143.769455670235
59.321981,18.149414,0.2530253891146158,4880,1.0,277.0197448265882,1147.762598665633
50.262951,-5.0507,0.4605193916689954,4110,1.0,311.9654751179879,688.6589479715193
29.0,27.0,0.2713264218912549,4110,1.0,564.0966865883188,1218.0354984110108
30.0,23.0,0.2718448303249058,4110,1.0,553.7881477985222,1199.258438660532
29.0,26.0,0.2677345254275577,4110,1.0,573.5242989428926,1233.932352918561
-7.0,30.0,0.3255884075895863,4110,1.0,474.6247592780127,1018.4637512490204
-17.0,28.0,0.2976224748970279,4110,1.0,506.0214990325418,1095.6001817849078
-7.0,30.0,0.3255884075895863,4110,1.0,474.6247592780127,1018.4637512490204
11.0,24.0,0.2684570310279774,4110,1.0,556.8862431988744,1230.45584079109
-24.0,24.0,0.2945541505464334,4110,1.0,507.26894447739954,1118.85234563895
-8.0,29.0,0.3374413481787869,4110,1.0,453.93512574921374,978.4780614229028
-16.0,30.0,0.3028524545522139,4110,1.0,492.2061993074711,1077.8678970222725
-27.0,24.0,0.305423093541694,4110,1.0,492.6792764629694,1072.0735307879513
-23.0,28.0,0.3053386385557706,4110,1.0,479.3390931335245,1064.6952126144586
17.0,25.0,0.2451931568862668,4110,1.0,600.081425950653,1318.7951817784433
51.0,25.0,0.5173096722717202,4110,1.0,323.96114893617016,677.2408497400817
-12.0,24.0,0.3307925543715095,4110,1.0,450.8764733453217,974.740457555816
-18.0,30.0,0.302530456453717,4110,1.0,487.96900263543193,1076.430260181767
46.0,28.0,0.4325124236391772,4110,1.0,342.6660280082378,789.7964393091913
14.0,20.0,0.2591253845063511,4110,1.0,582.461366595644,1276.4250148968365
28.0,29.0,0.2637439668780498,4110,1.0,574.5832967912864,1242.6918318727533
-28.0,29.0,0.3369863365743002,4110,1.0,455.4740396171294,980.3959775737268
-25.0,30.0,0.3292509579866295,4110,1.0,449.842193616275,986.5685648101436
32.0,22.0,0.2827953693244611,4110,1.0,531.0122297501453,1152.4869576770584
-23.0,26.0,0.2960273091122326,4110,1.0,495.0209943282524,1108.2683662324905
10.0,21.0,0.2760404991247079,4110,1.0,537.0498937939109,1187.656250099097
16.0,30.0,0.2502034561670945,4110,1.0,581.3090350927907,1288.582755208978
29.0,23.0,0.2684471596263438,4110,1.0,559.7864174400281,1214.6775355154934
58.0,29.0,0.6912099213425005,4110,1.0,283.83650429455224,579.6092131743335
-26.0,26.0,0.3134100618401566,4110,1.0,475.039152078645,1050.3281770008005
7.0,25.0,0.2915800582943165,4110,1.0,516.6582885111372,1134.9367463526291
-26.0,28.0,0.325776831993805,4110,1.0,454.4382120523358,1004.6359590991073
44.0,26.0,0.4089751824302911,4110,1.0,341.46063088347074,818.0980067206164
-28.0,23.0,0.3091962093781727,4110,1.0,483.7603335289286,1055.8292818943596
-7.0,28.0,0.3365567088942702,4110,1.0,456.3143134993758,983.1690680068524
24.0,29.0,0.2558200924349356,4110,1.0,576.5779036102551,1261.5868278677244
55.0,23.0,0.6158970818848485,4110,1.0,304.47441964071857,629.1112114375453
3.0,26.0,0.3314118911937547,4110,1.0,451.2832163178933,989.5445443369364
22.0,24.0,0.2512574658075421,4110,1.0,595.8712366519823,1298.483283009819
9.0,22.0,0.2840652030393526,4110,1.0,519.2279325516603,1150.675410546762
23.0,22.0,0.2561028486508687,4110,1.0,592.306173604121,1282.535563404393
-26.0,29.0,0.3281877033956473,4110,1.0,448.7152318253828,993.7187805677086
-17.0,23.0,0.3019525219380015,4110,1.0,491.5274317190998,1084.5715404548307
38.0,23.0,0.3321330178253729,4110,1.0,455.0709486184597,996.4531329977196
58.0,25.0,1.4784156430451734,4110,1.0,280.9867247403494,593.4417047680838
39.0,28.0,0.3519287614654534,4110,1.0,416.6053792893019,939.1200343168312
31.0,21.0,0.2789228708817493,4110,1.0,541.4255632344388,1167.4783351795627
2.0,27.0,0.3465315198523466,4110,1.0,438.6874731227902,964.9233440706256
27.0,21.0,0.2638664825437137,4110,1.0,571.9945914142005,1234.4770115050144
52.0,26.0,0.5399865114042375,4110,1.0,319.3900631302584,669.7568756125111
24.0,24.0,0.256390097721169,4110,1.0,584.7562071071953,1272.2464764455892
14.0,25.0,0.2540053869215941,4110,1.0,578.4238572178479,1281.2451765891094
-1.0,30.0,0.371580412640362,4110,1.0,425.3483694662052,910.2696511364496
29.0,24.0,0.2681300454175307,4110,1.0,564.8653872988,1219.9739831176623
24.0,29.0,0.2558200924349356,4110,1.0,576.5779036102551,1261.5868278677244
-22.0,27.0,0.3067094634925286,4110,1.0,474.0910872964553,1064.6674221918654
43.0,26.0,0.4332301355631386,4110,1.0,335.73838657718125,770.919117748213
54.0,22.0,0.626941940919003,4110,1.0,296.1447314306186,627.36154344832
28.0,23.0,0.2658305572472131,4110,1.0,570.3689793579323,1227.208876432868
17.0,25.0,0.2451931568862668,4110,1.0,600.081425950653,1318.7951817784433
39.0,27.0,0.3238241384608161,4110,1.0,455.4810545347813,1021.0241637150776
-19.0,21.0,0.2947694182659485,4110,1.0,498.5999382216403,1122.0597392148834
38.0,29.0,0.3185069121920991,4110,1.0,472.5808413184226,1040.4186903503803
52.0,20.0,0.5456935174139044,4110,1.0,309.5597508879944,660.4914159275929
-15.0,28.0,0.309543966647525,4110,1.0,491.059935571101,1056.121239063869
-23.0,26.0,0.2960273091122326,4110,1.0,495.0209943282524,1108.2683662324905
-26.0,27.0,0.3196281703027231,4110,1.0,463.5718351635376,1026.6495747452016
6.0,28.0,0.2937745252023133,4110,1.0,512.1593438172686,1136.4651149428882
48.0,23.0,0.4672025344045517,4110,1.0,356.1174714547713,742.5335037586002
-11.0,26.0,0.3336718579660073,4110,1.0,448.2576850877712,984.8126339234772
47.0,29.0,0.4461394095126021,4110,1.0,346.5087170792226,769.5356583568283
-26.0,23.0,0.2964473150139182,4110,1.0,505.5731239572319,1101.9297326114777
59.0,25.0,5.86935553863421,4110,1.0,269.2768211553521,577.9117261310901
27.0,29.0,0.2601984091369646,4110,1.0,576.0753231346346,1253.1202532699078
57.0,25.0,0.8926652789005816,4110,1.0,278.9650649195237,598.3439180840043
6.0,27.0,0.2938929659264225,4110,1.0,506.7423134665716,1129.968516095707
-6.0,23.0,0.3466391231721344,4110,1.0,420.4270674195757,915.324574710798
47.0,24.0,0.4485928749129468,4110,1.0,358.78628638913494,760.600935185434
-33.0,22.0,0.3408703767832592,4110,1.0,444.1723123024699,956.729929611414
12.0,29.0,0.2696276814950488,4110,1.0,535.6421936082594,1201.8253622827124
13.0,29.0,0.2607231811617991,4110,1.0,552.548395549632,1241.0801750230976
-34.0,22.0,0.4028248545581307,4110,1.0,367.4360402574604,809.1401618317366
13.0,29.0,0.2607231811617991,4110,1.0,552.548395549632,1241.0801750230976
-34.0,22.0,0.4028248545581307,4110,1.0,367.4360402574604,809.1401618317366
-33.0,22.0,0.3408703767832592,4110,1.0,444.1723123024699,956.729929611414
12.0,29.0,0.2696276814950488,4110,1.0,535.6421936082594,1201.8253622827124
47.0,24.0,0.4485928749129468,4110,1.0,358.78628638913494,760.600935185434
-33.0,26.0,0.3913721112871648,4110,1.0,391.0800223496718,841.6121758230636
27.0,24.0,0.2620380848396927,4110,1.0,579.6660201164639,1251.0913171339207
-17.0,30.0,0.3075255928029413,4110,1.0,481.959319847552,1060.379693455297
53.0,28.0,0.587302583373824,4110,1.0,318.0548036365811,642.5911776180114
28.0,28.0,0.2631117176434889,4110,1.0,576.8048369020232,1247.9178322866735
-19.0,26.0,0.3011863284845844,4110,1.0,489.31929702796174,1081.8411723684917
-8.0,25.0,0.3428110804036365,4110,1.0,432.0185637852808,956.0966577730642
-10.0,28.0,0.3252890427671971,4110,1.0,466.5514120362152,1011.8151215975012
-21.0,25.0,0.2857590812677171,4110,1.0,515.9280433549912,1148.835350568202
-19.0,25.0,0.3009846170460539,4110,1.0,489.6894101279255,1088.6462463810085
20.0,21.0,0.2485503867819271,4110,1.0,612.5086901340997,1340.1322151285758
1.0,24.0,0.3501989530174081,4110,1.0,425.3943623608535,922.6383695939484
-15.0,24.0,0.3072192151599639,4110,1.0,481.8999461632581,1054.325882245014
53.0,29.0,0.5943287783974722,4110,1.0,318.8207085900905,641.7442187326045
-2.0,30.0,0.3519715239957026,4110,1.0,437.54675999758734,954.914920530818
56.0,26.0,0.7960460928864899,4110,1.0,288.66839596875184,601.7509872236719
-18.0,28.0,0.304081242131924,4110,1.0,486.1912608466537,1070.5105365551112
1.0,28.0,0.3504527306505848,4110,1.0,434.72868232027525,961.0368919620591
-29.0,25.0,0.320412556236726,4110,1.0,472.7982881336,1021.4508905040524
-15.0,23.0,0.3038619844520799,4110,1.0,487.2189439784126,1073.3964740294352
11.0,29.0,0.2749533227493933,4110,1.0,527.5845732766156,1184.1041786488152
-4.0,23.0,0.3593884897479121,4110,1.0,403.9825311430527,882.914458467239
41.0,25.0,0.3682050255059653,4110,1.0,401.07536695794965,903.924527588866
24.0,23.0,0.2575854171690715,4110,1.0,587.1431014920092,1271.3145039076708
3.0,29.0,0.3246918339586237,4110,1.0,478.61256668491154,1045.7137732837302
18.0,20.0,0.2480115323086249,4110,1.0,611.823160143198,1340.5694073816726
55.0,28.0,0.6724819689904044,4110,1.0,292.5343805456702,604.6541545972733
59.0,27.0,0.6349462459827353,4110,1.0,270.96100741097786,567.1886630652102
22.0,28.0,0.2524192093964123,4110,1.0,576.7804805022752,1266.9975490913655
-14.0,26.0,0.3118074793606483,4110,1.0,484.5483452695949,1048.598508664682
31.0,24.0,0.2764201063923152,4110,1.0,549.5341052446528,1188.5961456382977
28.0,30.0,0.2624504412403967,4110,1.0,571.4641190741282,1243.1823152098632
-33.0,23.0,0.3501011252089755,4110,1.0,433.278701370184,931.8853089276764
-32.0,29.0,0.4247926248905555,4110,1.0,372.5749398907104,787.3534897186744
1.0,21.0,0.3522534170951544,4110,1.0,413.514223933379,911.4934265917374
21.0,27.0,0.2487721273468688,4110,1.0,586.0032956787632,1288.6239351133872
-7.0,22.0,0.3463789789423321,4110,1.0,424.2893426876568,915.6565373539476
56.0,27.0,0.8777872104950443,4110,1.0,287.9528891401369,600.493581907019
-11.0,22.0,0.3317875060398252,4110,1.0,453.51615082081327,976.6786450334348
-31.0,23.0,0.3188834434827187,4110,1.0,476.73214379467953,1023.4331103667092
52.0,23.0,0.5645679619490956,4110,1.0,300.65489947904337,656.5554227801923
47.0,21.0,0.4432928878321149,4110,1.0,348.02613710297504,780.2045173323727
25.0,27.0,0.2561827225599809,4110,1.0,582.0353327890839,1264.3197360245158
-7.0,30.0,0.3255884075895863,4110,1.0,474.6247592780127,1018.4637512490204
28.0,20.0,0.2678111105741597,4110,1.0,565.861379072755,1215.4551495453095
-20.0,25.0,0.2935930396446604,4110,1.0,504.4333671722836,1117.3458189340683
49.0,27.0,0.4891890739494546,4110,1.0,331.6037013876481,709.0690694719547
-25.0,26.0,0.3122892452167282,4110,1.0,474.3731193941545,1052.7672780335292
27.0,25.0,0.2619892977966474,4110,1.0,575.4199956626225,1247.2116974335474
2.0,21.0,0.3385604551084291,4110,1.0,431.5588507871322,948.3278535648668
16.0,22.0,0.2496580184618424,4110,1.0,603.1491751009742,1328.2975375710437
10.0,30.0,0.2859471788841466,4110,1.0,511.4973606194691,1138.0252521469235
-12.0,23.0,0.3295733150938085,4110,1.0,453.5157532988432,985.0168949177768
-27.0,26.0,0.3169726242529699,4110,1.0,477.6288458348146,1039.4536073462168
-5.0,22.0,0.352271222247656,4110,1.0,412.2334098790783,900.5781244574524
58.0,27.0,11.180978296047863,4110,1.0,280.66025802580253,588.0283306915825
-24.0,27.0,0.3044325628920951,4110,1.0,485.32866779069496,1075.7518633508685
-25.0,30.0,0.3292509579866295,4110,1.0,449.842193616275,986.5685648101436
-10.0,24.0,0.3270970770822237,4110,1.0,455.3881518839905,990.1457093966882
39.0,23.0,0.3508517133968327,4110,1.0,422.6485365337099,945.3329584607288
40.0,30.0,0.3903614772379156,4110,1.0,378.43320462278535,849.273412490465
-23.0,29.0,0.324028676743837,4110,1.0,445.42908454232935,998.3332401671788
-27.0,27.0,0.3209217004419555,4110,1.0,467.7787894052264,1024.5284846223983
44.0,23.0,0.4105213191795543,4110,1.0,346.4685126930587,821.11068767778
-10.0,24.0,0.3270970770822237,4110,1.0,455.3881518839905,990.1457093966882
-18.0,30.0,0.302530456453717,4110,1.0,487.96900263543193,1076.430260181767
31.0,30.0,0.2886890635228425,4110,1.0,526.7935520901274,1146.016491214365
29.0,22.0,0.269416737446388,4110,1.0,562.4162859974349,1208.3535875191942
-23.0,30.0,0.3408658073942179,4110,1.0,423.1126890403776,949.1580784368218
41.0,21.0,0.3829995703479921,4110,1.0,384.71264688427294,878.348287299444
2.0,26.0,0.3425298937635394,4110,1.0,439.1450866225478,962.1627837174382
18.0,24.0,0.2441820346766234,4110,1.0,609.6264684145698,1337.0612695480604
24.0,25.0,0.2547062536854425,4110,1.0,588.2441926567898,1276.871508173958
16.0,27.0,0.2479661986832362,4110,1.0,587.5525857167721,1304.384735228362
-29.0,28.0,0.3401104065308234,4110,1.0,450.2950297841983,972.9393477208696
-16.0,24.0,0.3080884386643235,4110,1.0,483.395603348358,1056.1608024264408
7.0,25.0,0.2915800582943165,4110,1.0,516.6582885111372,1134.9367463526291
-6.0,20.0,0.3443351744809242,4110,1.0,427.2300856195702,922.7833904864918
51.0,27.0,0.5301056492288889,4110,1.0,331.83791414715927,669.0050156761629
5.0,30.0,0.3104339507745856,4110,1.0,493.5185620229008,1073.1980782420171
25.0,24.0,0.2581365798504318,4110,1.0,584.9148675477239,1265.014618681737
54.0,25.0,0.5982944446559295,4110,1.0,298.5905745895789,622.0909496593755
13.0,26.0,0.2576297103034776,4110,1.0,570.2487619658367,1263.10581405866
-8.0,22.0,0.342233975030338,4110,1.0,424.8042130960529,926.6385739599784
44.0,24.0,0.405500385224425,4110,1.0,346.9153664090614,830.086838562228
29.0,20.0,0.27250979204249,4110,1.0,558.7774131778426,1194.135003933975
-2.0,24.0,0.3764658382199603,4110,1.0,390.0221692895164,855.3447970408546
-27.0,26.0,0.3169726242529699,4110,1.0,477.6288458348146,1039.4536073462168
-3.0,22.0,0.3686233845862761,4110,1.0,394.53497547342,860.7730993648307
7.0,20.0,0.2986358358505279,4110,1.0,496.610406938965,1092.8739834030637
24.0,29.0,0.2558200924349356,4110,1.0,576.5779036102551,1261.5868278677244
-11.0,28.0,0.3159499572149022,4110,1.0,481.306075199527,1040.7899520984863
-13.0,25.0,0.3139533947453291,4110,1.0,480.8559353055343,1041.7015395034998
-21.0,22.0,0.2912581886071888,4110,1.0,507.0494119664184,1127.746628814764
0.0,21.0,0.3596929089142245,4110,1.0,409.0482872461784,892.4405533262486
43.0,26.0,0.4332301355631386,4110,1.0,335.73838657718125,770.919117748213
-11.0,25.0,0.3315763102141398,4110,1.0,449.9299044130679,990.6101632261204
8.0,21.0,0.2956462109623713,4110,1.0,503.6316610051186,1107.308299385019
-6.0,21.0,0.3487956283514225,4110,1.0,418.3892473191878,909.3176035533106
-22.0,29.0,0.3092672857901329,4110,1.0,471.8622915961976,1047.7110068598358
55.0,27.0,0.6486901857068642,4110,1.0,297.1491022078214,609.2760062215839
30.0,29.0,0.270330721454443,4110,1.0,559.8025029302078,1220.960200204869
49.0,28.0,0.4883564736798406,4110,1.0,332.42835941130903,712.6993368423452
42.0,21.0,0.4020375591099822,4110,1.0,370.1655727370049,841.0476653341649
-20.0,25.0,0.2935930396446604,4110,1.0,504.4333671722836,1117.3458189340683
48.0,20.0,0.4737941878339504,4110,1.0,316.0535828738395,730.0823103211992
-26.0,27.0,0.3196281703027231,4110,1.0,463.5718351635376,1026.6495747452016
49.0,27.0,0.4891890739494546,4110,1.0,331.6037013876481,709.0690694719547
19.0,25.0,0.2456670841573646,4110,1.0,599.797851022906,1319.9040371949302
-24.0,25.0,0.2953621729494799,4110,1.0,506.98173320696594,1114.153688262115
3.0,21.0,0.3336386378151297,4110,1.0,434.5957569016656,962.3030772909308
-4.0,25.0,0.357275526721097,4110,1.0,419.01662397547017,918.602936332736
49.0,25.0,0.4984687078191189,4110,1.0,326.5453271439624,692.1913240209036
41.0,21.0,0.3829995703479921,4110,1.0,384.71264688427294,878.348287299444
2.0,26.0,0.3425298937635394,4110,1.0,439.1450866225478,962.1627837174382
-19.0,21.0,0.2947694182659485,4110,1.0,498.5999382216403,1122.0597392148834
-6.0,25.0,0.3437082553056542,4110,1.0,438.0086177670075,956.9294176307864
22.0,20.0,0.2526026274166169,4110,1.0,603.0254895412409,1306.3054456214236
29.0,25.0,0.2662336125867385,4110,1.0,572.1403127911776,1233.539535341711
-26.0,30.0,0.3353421180887487,4110,1.0,448.3579559704121,973.06861332748
-9.0,22.0,0.3404058437910391,4110,1.0,430.6137670425277,934.7478088892044
7.0,24.0,0.2939868587789018,4110,1.0,506.6751280373831,1120.7669160691364
55.0,23.0,0.6158970818848485,4110,1.0,304.47441964071857,629.1112114375453
39.0,22.0,0.3811058130216984,4110,1.0,391.49511133294186,867.5339795550261
-15.0,22.0,0.3045311311999716,4110,1.0,494.3003984624482,1079.4987569159034
-30.0,23.0,0.3133859251749874,4110,1.0,484.2631044426211,1041.365077587584
-20.0,29.0,0.3086396123795853,4110,1.0,474.0306510894328,1051.8428477758064
39.0,29.0,0.3426294194544805,4110,1.0,432.121082756192,965.8151651129554
4.0,26.0,0.3156600771385248,4110,1.0,475.2043035462658,1037.7662669909978
47.0,20.0,0.4366726616135712,4110,1.0,345.4802759590611,788.7574637234491
-23.0,29.0,0.324028676743837,4110,1.0,445.42908454232935,998.3332401671788
-6.0,26.0,0.3435896091579993,4110,1.0,433.7164975219442,967.491249629921
-15.0,26.0,0.3093703034917086,4110,1.0,481.96822712600505,1054.794627958203
30.0,23.0,0.2718448303249058,4110,1.0,553.7881477985222,1199.258438660532
14.0,30.0,0.2583309528211644,4110,1.0,560.1156340573414,1251.5954189483944
1.0,28.0,0.3504527306505848,4110,1.0,434.72868232027525,961.0368919620591
-25.0,22.0,0.2916762449800135,4110,1.0,509.1524634174984,1118.8778322840888
21.0,22.0,0.2499531697376567,4110,1.0,603.672714158715,1318.2483345021406
-12.0,21.0,0.3189606360104978,4110,1.0,475.6588639198089,1020.2082175304556
-10.0,28.0,0.3252890427671971,4110,1.0,466.5514120362152,1011.8151215975012
37.0,30.0,0.3288657828290593,4110,1.0,466.8761518479159,1010.0610749412724
-18.0,30.0,0.302530456453717,4110,1.0,487.96900263543193,1076.430260181767
-7.0,29.0,0.3656411251163623,4110,1.0,424.5808673839386,904.560012288488
-8.0,24.0,0.3391780577844738,4110,1.0,435.12228410214647,953.7317831327772
13.0,24.0,0.2721381999954679,4110,1.0,540.7376759041804,1205.0961863523155
-26.0,28.0,0.325776831993805,4110,1.0,454.4382120523358,1004.6359590991073
59.0,24.0,2.400476149513041,4110,1.0,277.6067128665182,604.7398929012473
28.0,26.0,0.2640837833558439,4110,1.0,573.5079278186636,1240.709124463104
54.0,25.0,0.5982944446559295,4110,1.0,298.5905745895789,622.0909496593755
47.0,20.0,0.4366726616135712,4110,1.0,345.4802759590611,788.7574637234491
-16.0,28.0,0.3104922458144512,4110,1.0,486.7283626651013,1051.116788147988
-31.0,28.0,0.4034138409702175,4110,1.0,380.0264777226243,824.9638715208105
30.0,27.0,0.2704324231803644,4110,1.0,563.7932709604788,1221.1927715534753
52.0,25.0,0.5417363183838028,4110,1.0,310.4456097386749,661.7701160773913
11.0,20.0,0.2725792544612201,4110,1.0,546.6621424712239,1205.7288146802186
-26.0,27.0,0.3196281703027231,4110,1.0,463.5718351635376,1026.6495747452016
58.0,30.0,0.6900454575217773,4110,1.0,292.0376093459067,590.979125857193
8.0,29.0,0.291010286310168,4110,1.0,511.5711990532544,1135.828249921787
-19.0,21.0,0.2947694182659485,4110,1.0,498.5999382216403,1122.0597392148834
-6.0,23.0,0.3466391231721344,4110,1.0,420.4270674195757,915.324574710798
8.0,25.0,0.2840220445829809,4110,1.0,521.2481572400845,1153.6928319220078
-19.0,26.0,0.3011863284845844,4110,1.0,489.31929702796174,1081.8411723684917
27.0,24.0,0.2620380848396927,4110,1.0,579.6660201164639,1251.0913171339207
13.0,22.0,0.2627537919868665,4110,1.0,566.7985109747463,1252.9060112483148
58.0,27.0,11.180978296047863,4110,1.0,280.66025802580253,588.0283306915825
11.0,22.0,0.2704704791660952,4110,1.0,548.2914948393151,1214.1833253222455
-1.0,22.0,0.3665632565810112,4110,1.0,402.4787184576774,875.4153418166267
40.0,29.0,0.3761699050794815,4110,1.0,391.5910949478373,879.8542481821336
-22.0,22.0,0.2909066695465069,4110,1.0,511.7797159211614,1126.8106471506
-1.0,21.0,0.3635880260671234,4110,1.0,404.7331180698153,882.0249999514173
21.0,26.0,0.2484386461554337,4110,1.0,587.9352806314934,1298.080435774526
52.0,26.0,0.5399865114042375,4110,1.0,319.3900631302584,669.7568756125111
29.0,22.0,0.269416737446388,4110,1.0,562.4162859974349,1208.3535875191942
47.0,24.0,0.4485928749129468,4110,1.0,358.78628638913494,760.600935185434
-1.0,28.0,0.3661756356706855,4110,1.0,425.4757170027084,916.2376663673256
38.0,22.0,0.3685915775309651,4110,1.0,397.2974315221219,894.8251338684694
41.0,25.0,0.3682050255059653,4110,1.0,401.07536695794965,903.924527588866
3.0,25.0,0.332853905438034,4110,1.0,448.2939710415693,978.3033810063732
6.0,20.0,0.3061570338523197,4110,1.0,477.4691230112981,1059.177355382112
5.0,20.0,0.3129204144877966,4110,1.0,461.76285546605294,1034.3404545314932
4.0,20.0,0.3239479080040697,4110,1.0,444.89557935231966,997.094944475992
5.0,27.0,0.3039336504253259,4110,1.0,496.7139723348438,1094.851826913913
15.0,23.0,0.2506092703613911,4110,1.0,596.6204950295858,1316.2729860167988
-13.0,27.0,0.3121437445164236,4110,1.0,485.7405481114843,1049.8075892258112
29.0,28.0,0.2659354638154861,4110,1.0,571.828266540531,1238.5250618086293
22.0,22.0,0.2527762122217864,4110,1.0,599.1319417096144,1301.4864549327667
21.0,26.0,0.2484386461554337,4110,1.0,587.9352806314934,1298.080435774526
-30.0,20.0,0.30110721240089,4110,1.0,502.12410725589024,1083.855784465981
-27.0,30.0,0.3440769826222058,4110,1.0,443.2061574588904,956.043008230188
-13.0,22.0,0.3148897170330962,4110,1.0,479.9393967266967,1039.8270015532732
11.0,23.0,0.2679615335819901,4110,1.0,548.7623113604488,1217.556123106841
24.0,22.0,0.2585676104124145,4110,1.0,588.1168731727524,1270.9007267391594
55.0,27.0,0.6486901857068642,4110,1.0,297.1491022078214,609.2760062215839
-6.0,27.0,0.339963634838859,4110,1.0,443.6619335516522,975.1426176374604
27.0,26.0,0.2611405014703973,4110,1.0,577.130460292305,1250.0153365699537
-8.0,22.0,0.342233975030338,4110,1.0,424.8042130960529,926.6385739599784
21.0,26.0,0.2484386461554337,4110,1.0,587.9352806314934,1298.080435774526
53.0,26.0,0.573717042330385,4110,1.0,308.9711123428095,641.2890266737933
-27.0,29.0,0.333108516595534,4110,1.0,453.5606281187182,987.0813650036544
-3.0,21.0,0.3661475917944548,4110,1.0,400.71492254163815,866.5024833899033
-33.0,25.0,0.3690667512464665,4110,1.0,411.6888142505566,884.613614046377
-30.0,22.0,0.309589854700823,4110,1.0,487.7663827565983,1054.8825772712312
7.0,22.0,0.2968929121374092,4110,1.0,499.6420419175544,1098.2612119575383
-32.0,20.0,0.3270713626604222,4110,1.0,459.9843345041564,997.2628902823552
-22.0,20.0,0.2868413484456583,4110,1.0,516.9818684055235,1142.92427536818
49.0,25.0,0.4984687078191189,4110,1.0,326.5453271439624,692.1913240209036
45.0,27.0,0.4167857216766715,4110,1.0,345.6377034260614,809.2570962952259
-11.0,21.0,0.3311270112776898,4110,1.0,450.1686601156069,974.813140872789
15.0,25.0,0.2482896884204448,4110,1.0,592.7843609477791,1307.7069025326728
59.0,26.0,0.7298007801414204,4110,1.0,271.38787452540225,577.5726546308495
1.0,29.0,0.3462967250099722,4110,1.0,447.5964697547684,975.685655859706
15.0,29.0,0.2512375814728969,4110,1.0,577.3365397651686,1284.3981736368305
-33.0,27.0,0.407701271554983,4110,1.0,376.3429817663479,811.4810652201289
40.0,29.0,0.3761699050794815,4110,1.0,391.5910949478373,879.8542481821336
4.0,24.0,0.3206430702151852,4110,1.0,462.8601398324801,1011.8092003708152
10.0,26.0,0.2725056758064123,4110,1.0,543.5666075725406,1208.8861001373732
-9.0,20.0,0.3389343986054361,4110,1.0,442.57923848646135,954.1070217042168
-9.0,26.0,0.3227929461369723,4110,1.0,470.9272960436562,1022.4512020093384
5.0,29.0,0.3058369951645613,4110,1.0,502.22400887503,1094.906010626741
47.0,21.0,0.4432928878321149,4110,1.0,348.02613710297504,780.2045173323727
23.0,24.0,0.2548583701590645,4110,1.0,589.1889646989722,1278.5467351062905
-5.0,21.0,0.3516670351459903,4110,1.0,415.1278157654575,901.9607401172412
9.0,20.0,0.2846669379879393,4110,1.0,526.3718367203925,1153.5415339529422
18.0,30.0,0.2483321824469273,4110,1.0,586.6540282828283,1294.535886681604
23.0,23.0,0.2560122586323224,4110,1.0,589.6187971706454,1277.248115109403
2.0,28.0,0.3482586417322694,4110,1.0,433.5475677073933,964.0823705493356
49.0,26.0,0.4936765147105919,4110,1.0,328.4185579955961,700.405384642516
-10.0,26.0,0.3431498959327225,4110,1.0,444.50300586110944,959.3140167119128
-21.0,28.0,0.3044241889673191,4110,1.0,476.1759512109717,1065.225058219195
-16.0,22.0,0.3048265867506689,4110,1.0,492.4191658953364,1084.8509325220448
-24.0,24.0,0.294542557367663,4110,1.0,507.26894447739954,1118.85234563895
-12.0,22.0,0.3191070060066586,4110,1.0,474.7582476212714,1021.7409335094236
-6.0,28.0,0.3529111711043872,4110,1.0,426.7528805001489,939.0318878197908
-25.0,20.0,0.2847839656956794,4110,1.0,527.6805595672116,1148.0883527103074
13.0,26.0,0.2576297103034776,4110,1.0,570.2487619658367,1263.10581405866
-27.0,28.0,0.3266166573042889,4110,1.0,463.008382619974,1003.8559479349908
44.0,23.0,0.4105213191795543,4110,1.0,346.4685126930587,821.11068767778
-8.0,24.0,0.3391780577844738,4110,1.0,435.12228410214647,953.7317831327772
-18.0,21.0,0.2979615968117039,4110,1.0,495.06844466992953,1114.1523318954394
31.0,23.0,0.2754564376353061,4110,1.0,547.3818498428587,1183.9909951122029
15.0,25.0,0.2482896884204448,4110,1.0,592.7843609477791,1307.7069025326728
27.0,30.0,0.2605188415414451,4110,1.0,575.227291795983,1250.5179337409572
-14.0,29.0,0.3150283751652669,4110,1.0,477.9431743097663,1039.2913949373697
49.0,21.0,0.5383833418595881,4110,1.0,295.0063522426665,674.7986762456107
-29.0,24.0,0.3161276409718178,4110,1.0,477.7330544664868,1033.3360106377625
47.0,24.0,0.4485928749129468,4110,1.0,358.78628638913494,760.600935185434
-9.0,24.0,0.3362485838712422,4110,1.0,436.41085531593336,961.3587966648902
16.0,20.0,0.2540974915528071,4110,1.0,595.4635899904897,1305.4302289767654
47.0,23.0,0.4649644313620384,4110,1.0,326.62625391942254,733.6398803143595
58.0,28.0,0.6805493029901243,4110,1.0,282.8507858043596,579.6052574776597
-5.0,29.0,0.3904395380223851,4110,1.0,389.04119079772926,851.5470691375463
7.0,21.0,0.2984199023787191,4110,1.0,492.82256892956445,1092.5439948865633
-3.0,24.0,0.3724908387544936,4110,1.0,397.9170343193898,863.0192027964449
-5.0,22.0,0.352271222247656,4110,1.0,412.2334098790783,900.5781244574524
10.0,29.0,0.2826454229445341,4110,1.0,521.1501239955422,1159.4544109226897
45.0,30.0,0.4078650617529886,4110,1.0,358.7077151597153,828.0218297656397
24.0,27.0,0.2539249738813211,4110,1.0,583.3829845064702,1268.546555852278
41.0,30.0,0.4129596375913554,4110,1.0,351.3291414023177,803.3562712873428
-13.0,21.0,0.320142448603249,4110,1.0,471.5249147813856,1021.4789944839662
10.0,24.0,0.2732410935993463,4110,1.0,542.4134825486062,1196.8968564446022
7.0,20.0,0.2986358358505279,4110,1.0,496.610406938965,1092.8739834030637
52.0,28.0,0.5566634551868506,4110,1.0,334.3144880331114,663.927253279199
-10.0,23.0,0.3254607284166182,4110,1.0,454.2473780325401,989.3418507530964
6.0,23.0,0.3035131006075542,4110,1.0,490.0232268927079,1078.286520558244
49.0,30.0,0.4869668473173713,4110,1.0,341.8841359281081,718.692325851962
-21.0,29.0,0.3155564262090704,4110,1.0,463.9129374817583,1027.8993658638194
22.0,26.0,0.2506387974375948,4110,1.0,586.8915740299027,1288.7293226741915
25.0,23.0,0.2591509775445643,4110,1.0,584.8119623754202,1264.9532676813958
25.0,20.0,0.2609469355741998,4110,1.0,578.8606323270293,1250.7273605699284
46.0,20.0,0.4288616514172398,4110,1.0,353.85267955275367,800.2178089043465
-23.0,26.0,0.2960273091122326,4110,1.0,495.0209943282524,1108.2683662324905
-2.0,24.0,0.3764658382199603,4110,1.0,390.0221692895164,855.3447970408546
-21.0,24.0,0.2902225264540288,4110,1.0,504.32561847864656,1132.5527005048905
30.0,22.0,0.2740422853604238,4110,1.0,550.7990004658204,1188.244330994018
29.0,30.0,0.2661298656905598,4110,1.0,564.6377627318222,1232.7277533070776
3.0,26.0,0.3314118911937547,4110,1.0,451.2832163178933,989.5445443369364
15.0,28.0,0.2496287124255392,4110,1.0,587.2696297072347,1300.6266076478928
-12.0,26.0,0.3258650114106851,4110,1.0,464.3496999587045,1006.4950312168634
-18.0,28.0,0.304081242131924,4110,1.0,486.1912608466537,1070.5105365551112
-2.0,24.0,0.3764658382199603,4110,1.0,390.0221692895164,855.3447970408546
0.0,27.0,0.3719331976662952,4110,1.0,410.66473497937466,896.3570170101086
1.0,25.0,0.3543092376337001,4110,1.0,419.2016829722805,916.1924173367644
-22.0,21.0,0.2885836757278431,4110,1.0,513.7176658424586,1133.360038526186
15.0,28.0,0.2496287124255392,4110,1.0,587.2696297072347,1300.6266076478928
-12.0,28.0,0.3109777097152838,4110,1.0,491.19423750221335,1055.6669312476624
7.0,27.0,0.2855839202900783,4110,1.0,523.6968609929078,1155.564085026774
30.0,25.0,0.2699143423507664,4110,1.0,564.6368111656515,1220.9498132306478
-16.0,28.0,0.3104922458144512,4110,1.0,486.7283626651013,1051.116788147988
13.0,27.0,0.25837745960187,4110,1.0,565.2866274395572,1258.7186876564294
40.0,22.0,0.3693909794925034,4110,1.0,403.2594217365624,902.8862705030274
44.0,21.0,0.4361555015349724,4110,1.0,343.78423688926057,784.0727874460977
43.0,25.0,0.4281610600963098,4110,1.0,334.8599082654794,781.7624493988051
1.0,27.0,0.3518669689119967,4110,1.0,431.4767813791864,949.9451206071374
-20.0,28.0,0.3021435680797507,4110,1.0,489.2546112766579,1074.7972551855976
57.0,29.0,0.6457999156311205,4110,1.0,290.47684822762864,593.0265746637936
0.0,26.0,0.3712760605624662,4110,1.0,405.0652012328848,889.8727254302859
3.0,28.0,0.3281982867456544,4110,1.0,469.2188696122632,1022.4404966430754
37.0,23.0,0.3543599829792193,4110,1.0,415.9845167469738,931.056153476772
24.0,30.0,0.2564297484381473,4110,1.0,577.7429608540925,1263.0286636072422
-33.0,23.0,0.3501011252089755,4110,1.0,433.278701370184,931.8853089276764
-8.0,22.0,0.342233975030338,4110,1.0,424.8042130960529,926.6385739599784
14.0,26.0,0.2525068745796106,4110,1.0,578.322418951167,1286.1261242215237
17.0,24.0,0.244667893279199,4110,1.0,608.4934280354106,1337.271727854261
57.0,22.0,0.7065717068388877,4110,1.0,287.2366534772182,618.4078428212763
-22.0,26.0,0.292530217789688,4110,1.0,498.305219510468,1120.5621267309953
-30.0,26.0,0.3296008662914518,4110,1.0,458.4506465527401,995.3563585269104
54.0,21.0,0.6160989544900903,4110,1.0,304.21829326003825,627.290473736318
30.0,23.0,0.2718448303249058,4110,1.0,553.7881477985222,1199.258438660532
-24.0,21.0,0.2869284871752098,4110,1.0,518.1939164610504,1137.5572311013293
-31.0,29.0,0.3966587099622923,4110,1.0,394.017009764572,840.9167449292491
53.0,22.0,0.5928842256932954,4110,1.0,300.0767103136882,636.5299193340406
50.0,30.0,0.502390058073455,4110,1.0,340.30115164546385,706.0050909435596
-32.0,24.0,0.3414383578454158,4110,1.0,443.7613629759812,955.7417312538712
51.0,30.0,0.5266239266741717,4110,1.0,336.979462524596,681.0440709974649
-11.0,25.0,0.3315763102141398,4110,1.0,449.9299044130679,990.6101632261204
-1.0,26.0,0.3790159880734446,4110,1.0,397.827206079677,873.0177679352096
-29.0,20.0,0.2971709616290105,4110,1.0,506.3299906158358,1098.729568968672
40.0,28.0,0.3886164601075839,4110,1.0,369.5088044764751,850.6927182125518
39.0,30.0,0.3617087795723046,4110,1.0,414.8964503708937,918.2298022707791
29.0,29.0,0.2660158836858274,4110,1.0,569.0787592275439,1236.8245098196198
8.0,21.0,0.2956462109623713,4110,1.0,503.6316610051186,1107.308299385019
6.0,21.0,0.3048769415496123,4110,1.0,477.4267084292953,1062.9765076077376
-27.0,30.0,0.3440769826222058,4110,1.0,443.2061574588904,956.043008230188
23.0,30.0,0.2564390976167237,4110,1.0,576.5233929507721,1260.3606228482834
-19.0,30.0,0.3021744712802861,4110,1.0,491.7944845861362,1076.267164495926
-18.0,21.0,0.2979615968117039,4110,1.0,495.06844466992953,1114.1523318954394
49.0,20.0,0.5677330392049019,4110,1.0,265.3281168037603,632.7650713526145
46.0,22.0,0.4368918278704408,4110,1.0,349.5773541728454,777.9376627815221
-22.0,22.0,0.2909066695465069,4110,1.0,511.7797159211614,1126.8106471506
14.0,23.0,0.2560015651677962,4110,1.0,582.0972806230824,1285.5915281282153
-25.0,25.0,0.3056278333457234,4110,1.0,490.95396064952,1077.4209628929846
3.0,28.0,0.3281982867456544,4110,1.0,469.2188696122632,1022.4404966430754
19.0,20.0,0.2480140698458646,4110,1.0,615.5787648816638,1341.781476418173
40.0,30.0,0.3903614772379156,4110,1.0,378.43320462278535,849.273412490465
-21.0,21.0,0.2886558010320466,4110,1.0,512.7329693215339,1135.5578677715987
-21.0,23.0,0.2900090359932457,4110,1.0,504.6780665797891,1134.8864222278178
-24.0,22.0,0.2908143495117614,4110,1.0,510.6473726919911,1123.3114489701395
6.0,27.0,0.2938929659264225,4110,1.0,506.7423134665716,1129.968516095707
18.0,25.0,0.2454157786503033,4110,1.0,599.4843498518561,1317.730564810881
-28.0,23.0,0.3091962093781727,4110,1.0,483.7603335289286,1055.8292818943596
-13.0,22.0,0.3148897170330962,4110,1.0,479.9393967266967,1039.8270015532732
-24.0,22.0,0.2908143495117614,4110,1.0,510.6473726919911,1123.3114489701395
-17.0,22.0,0.3029872804398083,4110,1.0,495.0480583915671,1088.9259711624647
12.0,28.0,0.2650095277717526,4110,1.0,561.7798948236265,1241.1124949312175
-26.0,24.0,0.3028071572559219,4110,1.0,499.0794671308864,1083.4817578050022
59.321981,18.149414,0.2530253891146158,4880,1.0,277.0197448265882,1147.762598665633
50.262951,-5.0507,0.1419289239412358,4880,1.0,311.9654751179879,1143.769455670235
59.321981,18.149414,0.7193868871191846,4110,1.0,277.0197448265882,692.3149071548172
50.262951,-5.0507,0.4605193916689954,4110,1.0,311.9654751179879,688.6589479715193
59.321981,18.149414,0.7395230658401724,4110,0.0,,238742.4077028177
50.262951,-5.0507,0.4353142879806654,4110,0.0,,240554.04459050024
59.321981,18.149414,0.2514788038095534,4880,0.0,,398367.7992741587
50.262951,-5.0507,0.1407883046935673,4880,0.0,,401816.3939099473
59.321981,18.149414,0.7395230658401724,4110,0.0,,238742.4077028177
50.262951,-5.0507,0.4353142879806654,4110,0.0,,240554.04459050024
50.262951,-5.0507,0.1407883046935673,4880,0.0,,401816.3939099473
59.321981,18.149414,0.2514788038095534,4880,0.0,,398367.7992741587
59.321981,18.149414,0.7395230658401724,4110,Error,,238742.4077028177
50.262951,-5.0507,0.4353142879806654,4110,Error,,240554.04459050024
50.262951,-5.0507,0.1407883046935673,4880,Error,,401816.3939099473
59.321981,18.149414,0.2514788038095534,4880,Error,,398367.7992741587
59.321981,18.149414,0.7395230658401724,4110,Error,,238742.4077028177
50.262951,-5.0507,0.4353142879806654,4110,Error,,240554.04459050024
59.321981,18.149414,0.2514788038095534,4880,Error,,398367.7992741587
50.262951,-5.0507,0.1407883046935673,4880,Error,,401816.3939099473
59.321981,18.149414,0.7395230658401724,4110,Error,,238742.4077028177
50.262951,-5.0507,0.1407883046935673,4880,Error,,401816.3939099473
59.321981,18.149414,0.2514788038095534,4880,Error,,398367.7992741587
50.262951,-5.0507,0.4353142879806654,4110,Error,,240554.04459050024
59.321981,18.149414,0.7395230658401724,4110,Error,,238742.4077028177
50.262951,-5.0507,0.4353142879806654,4110,Error,,240554.04459050024
59.321981,18.149414,0.2514788038095534,4880,Error,,398367.7992741587
50.262951,-5.0507,0.1407883046935673,4880,Error,,401816.3939099473
59.321981,18.149414,0.7395230658401724,4110,Error,,238742.4077028177
50.262951,-5.0507,0.4353142879806654,4110,Error,,240554.04459050024
59.321981,18.149414,0.2514788038095534,4880,Error,,398367.7992741587
50.262951,-5.0507,0.1407883046935673,4880,Error,,401816.3939099473
19.0,23.0,4.21664537846336e-10,4110,403374780.00831455,608.7428306475414,779983707417.003
32.0,21.0,5.767142009317361e-10,4110,308143966.5426981,524.023060532125,563509405555.2809
-33.0,25.0,1.0550548022381711e-09,4110,183505154.96961728,411.6888142505566,310559012677.12134
20.0,21.0,4.316063394047758e-10,4110,400826497.4888395,612.5086901340997,771396059123.9543
-30.0,27.0,8.65344532047195e-10,4110,220658027.76284102,453.638496257574,383280729160.2055
27.0,30.0,4.833793588860041e-10,4110,357062592.4588776,575.227291795983,673050109321.8649
-17.0,25.0,7.228848759719577e-10,4110,260516059.4787087,493.25758874230434,451642088363.3583
54.0,20.0,1.9044688725943323e-09,4110,129163974.69661011,310.40618350047754,199623134714.3184
4.0,20.0,8.02532934418267e-10,4110,227007961.78506356,444.89557935231966,403653000343.66144
31.0,30.0,6.151744657350774e-10,4110,294782016.9589131,526.7935520901274,536531196887.6451
7.0,30.0,6.31801230559542e-10,4110,288036537.00942993,501.7455093314434,523755372397.4605
-13.0,22.0,8.008158407750108e-10,4110,242379310.41823184,479.9393967266967,409371138962.1568
18.0,29.0,4.34205690214649e-10,4110,384072143.1525701,588.443503145017,740777295793.1632
48.0,28.0,1.3100097991555603e-09,4110,156556937.37798852,340.1776625690361,264047953030.0591
-23.0,25.0,6.44620618016441e-10,4110,281100374.70839983,513.8212776659959,510658063250.0925
20.0,30.0,4.4092908043800975e-10,4110,381700962.82048124,589.6010914892385,731799659365.0051
21.0,30.0,4.4664322148063856e-10,4110,377791421.046269,587.9361523975589,722896148445.6761
12.0,26.0,4.911985821517859e-10,4110,347609264.8502855,555.2928198540145,665350610761.0857
-24.0,27.0,7.49936622025313e-10,4110,246959596.25428125,485.32866779069496,437105775177.9785
-33.0,22.0,8.829255087885e-10,4110,212863749.81848714,444.1723123024699,370613615498.5488
19.0,24.0,0.2456422490964101,4110,1.0,607.4011812687048,1330.8677382532694
38.0,23.0,0.3321330178253729,4110,1.0,455.0709486184597,996.4531329977196
-13.0,23.0,0.3199185465312575,4110,1.0,465.6204017319056,1016.7269451040296
-7.0,22.0,0.3463789789423321,4110,1.0,424.2893426876568,915.6565373539476
24.0,24.0,0.256390097721169,4110,1.0,584.7562071071953,1272.2464764455892
48.0,20.0,0.4737941878339504,4110,1.0,316.0535828738395,730.0823103211992
-20.0,27.0,0.2966995373447481,4110,1.0,496.8176022415504,1093.5478418893117
22.0,27.0,0.2514108778208764,4110,1.0,580.2797455174401,1273.2311995418415
53.0,26.0,0.573717042330385,4110,1.0,308.9711123428095,641.2890266737933
-4.0,23.0,0.3593884897479121,4110,1.0,403.9825311430527,882.914458467239
9.0,23.0,0.288277088692523,4110,1.0,513.0638784414373,1140.402627927166
31.0,27.0,0.2786015030470128,4110,1.0,548.7892790214357,1188.848881048783
0.0,28.0,0.3591416391088852,4110,1.0,431.60539231187016,937.1465920712232
28.0,29.0,0.2637439668780498,4110,1.0,574.5832967912864,1242.6918318727533
-20.0,25.0,0.2935930396446604,4110,1.0,504.4333671722836,1117.3458189340683
-19.0,22.0,0.2948396361601323,4110,1.0,498.36559596917607,1117.3850040092643
-30.0,23.0,0.3133859251749874,4110,1.0,484.2631044426211,1041.365077587584
43.0,22.0,0.4226922638273411,4110,1.0,362.317953294412,804.9319867443686
-11.0,24.0,0.3332556789626532,4110,1.0,454.7823766769266,974.0959306763816
-14.0,30.0,0.3192802631265752,4110,1.0,471.8707886164521,1024.2217152446758
-16.0,29.0,0.3003098812840699,4110,1.0,504.272449779865,1087.224193181807
25.0,22.0,0.2620494762912092,4110,1.0,574.5404784424446,1247.5783886056715
17.0,28.0,0.247123814640601,4110,1.0,590.080624442772,1305.360228320369
52.0,23.0,0.5645679619490956,4110,1.0,300.65489947904337,656.5554227801923
-31.0,21.0,0.313571744668498,4110,1.0,481.1972463954989,1041.058582136532
52.0,27.0,0.5462499735089792,4110,1.0,328.8921462419771,670.6610086239551
-23.0,29.0,0.324028676743837,4110,1.0,445.42908454232935,998.3332401671788
18.0,25.0,0.2454157786503033,4110,1.0,599.4843498518561,1317.730564810881
15.0,26.0,0.248693152094309,4110,1.0,586.8882060549712,1303.2797036909017
28.0,22.0,0.266408422508167,4110,1.0,567.4206350337672,1223.004842787746
47.0,22.0,0.4432489968449963,4110,1.0,351.21737259087945,770.0853044301756
24.0,20.0,0.2582414335767813,4110,1.0,585.6846310108757,1266.5622510546125
-12.0,28.0,0.3109777097152838,4110,1.0,491.19423750221335,1055.6669312476624
28.0,25.0,0.2645150186789427,4110,1.0,575.0392498092834,1238.552646872586
-8.0,25.0,0.3428110804036365,4110,1.0,432.0185637852808,956.0966577730642
28.0,28.0,0.2631117176434889,4110,1.0,576.8048369020232,1247.9178322866735
-4.0,21.0,0.3581680131239538,4110,1.0,409.1113080082136,885.63622992844
28.0,25.0,0.2645150186789427,4110,1.0,575.0392498092834,1238.552646872586
-13.0,29.0,0.3137844289519866,4110,1.0,483.9240871308141,1044.9785012723091
-3.0,21.0,0.3661475917944548,4110,1.0,400.71492254163815,866.5024833899033
54.0,24.0,0.6268442995817964,4110,1.0,285.18865769414003,603.0522228217716
29.0,24.0,0.2681300454175307,4110,1.0,564.8653872988,1219.9739831176623
11.0,25.0,0.2669570034823275,4110,1.0,552.2880546930134,1230.1618241727806
54.0,25.0,0.5982944446559295,4110,1.0,298.5905745895789,622.0909496593755
-31.0,28.0,0.4034138409702175,4110,1.0,380.0264777226243,824.9638715208105
28.0,25.0,0.2645150186789427,4110,1.0,575.0392498092834,1238.552646872586
14.0,24.0,0.2596515614253222,4110,1.0,567.7713945945947,1262.6337561554155
51.0,24.0,0.5188611376413352,4110,1.0,312.2272376713548,670.3392093567218
1.0,22.0,0.3525375132253933,4110,1.0,415.3861256022024,916.3213991288976
-21,27,0.29819725806027114,4110,1.0,484.8623310482217,1091.8193813565497
