Job.Latitude,Job.Longitude,Panel.Irradiance
-27,20,"[4820 4186 3084 3880 5080 3266 2804 4320 4020 5190 4860 4645 3985 4590
 2520 2780 3460 3080 2640]"
-5,29,"[9568 7586 4586 4204 5926 4123 4121 3822 4365 3643 4163 3761 3522 3701
 3020 1980 2000 1700 1220]"
-22,23,"[3520 4220 4385 3745 2640 3660 3704 3001 3305 4280 3085 4385 4880 5665
 4325 4050 3680 2960 2880]"
11,25,"[4681 3324 4142 3264 2741 3041 2964 3781 2965 2681 3244 4102 4243 2620
 3565 5884 5041 4027 6525]"
13,28,"[2422 4022 4325 5062  961 1721 3860 4507 3540 1703 1720 5243 3984 3122
 3120 5649 4603 7205 6286]"
40,21,"[16227  8202  4862  4063  2363  2061  2982  3145  2060  1924  2501  3062
  2322  2121  3442  3388  1962  2124  1904]"
-13,26,"[5665 5005 3800 4040 3785 3642 3223 3720 4043 3664 4043 4501 4766 5764
 4526 3668 2960 3220 2300]"
39,23,"[8922 5624 4740 3985 3121 3043 3283 4081 3126 2202 3223 4262 3904 2761
 3485 2841 2344 3682 3325]"
-25,21,"[3700 5060 3670 3420 3700 4060 2990 2920 4640 3400 3990 5240 5264 4686
 3250 2740 3680 2880 2480]"
1,21,"[8483 4361 4745 4346 4261 3342 4503 3446 3060 4022 4186 4703 4022 4024
 3804 2762 2300 2520 1940]"
27,30,"[4582 3143 2460 2745 4200 3705 3000 1940 3625 4240 4365 2960 3983 6682
 5144 3061 4365 5085 3342]"
53,29,"[11009  7805  4761  4303  3586  3607  3084  2562  2303  3121  2502  2143
  2001  2341  2301  1382  2241  1842  1543]"
-2,28,"[9604 6645 3760 4042 4203 3523 3381 3522 3464 3463 3862 3763 4226 3644
 3026 2722 2280 1940 1520]"
41,30,"[10869  7167  5224  3386  4143  3681  2921  3065  3503  3780  2583  2701
  3102  2961  2063  1561  2502  1903  2462]"
3,27,"[5804 5746 4984 3381 3400 3426 3502 3822 3680 3945 3262 3860 4486 4206
 3703 3184 4020 2820 2440]"
14,26,"[4120 3282 3923 2425 3360 2000 3261 3823 3265 2401 2200 4141 4767 2382
 3661 5804 4505 5982 8268]"
-31,28,"[8640 5160 5189 4961 4681 3980 5050 5140 4884 4027 3766 3427 2380 2280
 2160 2140 1860 1620 1880]"
49,24,"[13449  8529  6448  4383  3603  3062  2841  2962  2682  2242  2621  2960
  2063  1785  2502  1482  1681  1840  1302]"
12,25,"[4620 3583 4202 3065 2801 2960 2605 3620 3105 2503 3063 3502 4864 2301
 3561 5607 5082 4844 7067]"
55,22,"[10508  6163  5667  4685  3943  2803  3163  2983  3000  2383  2521  2861
  2325  2001  1982  2184  1481  1800  1282]"
-27,29,"[6344 4680 5362 3922 2987 3380 4341 3182 4166 3980 4782 5308 3880 3172
 3303 3380 2220 2180 2620]"
57,23,"[9950 7322 5248 4623 3365 3565 3645 2642 2882 2704 2583 2483 1981 1763
 1740 1762 1840  960 1180]"
46,27,"[9629 7846 4523 3904 3385 3942 2661 2704 2843 3304 2483 2621 3285 2981
 2100 1782 2742 2480 2700]"
30,26,"[4489 4501 4000 2841 2925 3603 3140 2820 3040 3990 4680 3240 4220 5810
 4460 3040 4186 4464 3621]"
41,20,"[8182 4507 4406 5542 3102 3280 3324 3764 3800 2020 3783 4223 3983 3261
 3242 3866 1963 3644 2904]"
-34,20,"[6751 6720 5883 5768 5421 5626 5384 4065 3905 3405 3360 2340 3120 2700
 2060 2320 2520 1800 2380]"
-9,24,"[6205 5121 5464 3780 2986 3962 4504 3340 3384 4343 3863 4365 4843 5744
 4106 3404 2580 2200 1700]"
-6,26,"[7225 5505 3840 4320 3825 4224 3780 3820 4305 3887 4423 4263 5245 5283
 3846 3303 2520 2060 1460]"
0,27,"[8926 6286 4462 3741 4324 3745 3281 3660 3923 3403 3922 3744 4627 3443
 3385 2122 2820 2020 1760]"
25,21,"[4060 4484 2804 3822 1600 2600 4365 4104 2161 2980 3481 4826 5343 3360
 5022 6646 3342 3020 5990]"
-28,26,"[4505 4920 4140 3885 3545 3340 4382 4666 3622 4140 5949 4201 4011 2924
 3180 2900 2860 2820 2780]"
-10,25,"[6104 5465 4882 3520 3485 3882 4542 3320 3525 3303 4182 4482 5346 5704
 4068 3604 2660 2500 1880]"
-30,20,"[5620 4030 3700 4180 4165 4745 3700 3743 4708 5880 4369 3468 3422 3220
 3460 2640 2580 3840 2080]"
2,28,"[6722 7088 3940 3442 4403 3204 3181 3642 4242 3545 2863 3943 4401 4785
 3704 2824 3242 2180 1940]"
42,23,"[8425 6069 5304 4946 4321 3341 3301 3842 3663 2061 3244 3780 3965 2583
 2804 2864 2382 2701 2302]"
-3,26,"[8424 6045 5163 4421 4583 4145 3920 3823 4024 3803 4603 4484 4166 3602
 3006 2342 1820 2020 1500]"
-6,22,"[5720 4562 6286 4204 3402 4241 4264 3364 3441 4842 3786 5062 4462 4626
 3326 2822 2420 2080 1480]"
11,29,"[3763 3941 5644 3842 1200 1883 3583 4904 3362 1703 2482 4122 4263 4060
 3464 4006 6421 4807 5063]"
24,25,"[3485 2900 3240 2622 4403 2726 3040 3140 3524 3642 3383 4120 3441 5887
 5563 4841 3704 4906 4141]"
22,20,"[2402 4866 4423 2340 1560 2001 5246 4802 1480 1640 4420 5188 3362 3881
 4620 7488 4082 3602 6128]"
31,22,"[3860 4405 3400 3866 2940 2720 3504 3721 3624 3460 3144 5081 5225 3820
 4104 5601 3125 3205 5445]"
-2,20,"[8181 5281 5224 4204 3920 4285 3843 3384 4100 3881 4471 4480 4483 3946
 3145 2601 2040 2120 1560]"
37,27,"[12210  6780  3000  2121  2486  3123  1880  1660  2763  3468  2660  2501
  4140  5228  3060  2184  4466  3204  3683]"
55,28,"[11245  7807  6003  3985  3645  3564  3043  2602  2360  2684  2402  1721
  1580  2141  1768  1421  1824  1481  1202]"
24,22,"[2940 4206 4103 3061 1741 2800 4564 3983 2342 2560 3841 4825 4744 3760
 4942 6825 3464 3482 5506]"
14,26,"[4120 3282 3923 2425 3360 2000 3261 3823 3265 2401 2200 4141 4767 2382
 3661 5804 4505 5982 8268]"
9,25,"[5144 4225 3724 3843 2542 3082 3122 3563 3104 2983 3042 3640 3482 3761
 3285 5342 5326 3042 5781]"
55,22,"[10508  6163  5667  4685  3943  2803  3163  2983  3000  2383  2521  2861
  2325  2001  1982  2184  1481  1800  1282]"
28,25,"[4127 2900 4140 2661 4064 2465 3460 3360 3443 3465 3842 4040 4200 5705
 5145 3740 3823 5007 3700]"
43,24,"[13189  6728  5102  3062  3564  2664  3001  2564  3041  2164  2361  3923
  3224  2723  2481  2442  2482  2363  2340]"
24,29,"[4105 2620 1760 3683 4162 3906 1500 2941 3924 4320 3465 3100 3101 6823
 6385 3101 4224 6005 2942]"
42,23,"[8425 6069 5304 4946 4321 3341 3301 3842 3663 2061 3244 3780 3965 2583
 2804 2864 2382 2701 2302]"
11,29,"[3763 3941 5644 3842 1200 1883 3583 4904 3362 1703 2482 4122 4263 4060
 3464 4006 6421 4807 5063]"
57,23,"[9950 7322 5248 4623 3365 3565 3645 2642 2882 2704 2583 2483 1981 1763
 1740 1762 1840  960 1180]"
13,22,"[7066 3563 1381 2422 3923 5045 2900  900 2481 4765 3883 3041 1800 4446
 4744 4721 4545 6486 7467]"
8,25,"[4620 4045 3703 3846 2540 3404 2882 3343 3640 2801 3426 3745 4101 3846
 4082 4882 5283 2883 5180]"
32,23,"[4984 4761 3681 3024 3281 3025 3140 3680 3706 3280 3264 5080 4985 4062
 4122 4380 3666 3124 4787]"
23,23,"[3020 3465 4942 2864 1780 3243 3702 3882 2782 2740 3506 4961 4263 4001
 5064 6201 3824 3665 5764]"
50,25,"[11908  7991  5482  4280  3686  3321  3124  2382  2725  2502  2500  2166
  2402  2703  2342  1822  2261  1922  1460]"
47,22,"[11669  7687  5463  5004  3123  2603  2943  3744  2422  2141  2862  3562
  2761  1981  2723  2564  2023  2843  2140]"
56,27,"[11584  7907  6247  3446  3483  3725  2741  2581  2384  2488  2722  1840
  1944  1941  1561  1622  1580  1140  1022]"
-12,23,"[5720 4961 5345 4044 2761 3481 4644 3962 3263 4204 3364 4504 4840 5547
 4284 3746 2820 2320 2120]"
-12,20,"[6700 4460 5482 3828 3400 3000 4441 3809 2920 4500 3542 4268 4802 6022
 4650 3566 3020 2000 2100]"
53,30,"[11046  7305  5645  3826  3643  3180  3002  2724  2382  2462  2782  2342
  2064  2280  2164  1782  2321  2184  1524]"
-29,21,"[6360 3370 3180 4580 4380 3651 3780 3520 5089 6220 4406 3505 3889 4200
 2540 2620 3040 3340 2320]"
-17,28,"[6546 4084 2920 3522 3881 3807 2460 3660 4161 3229 4680 3621 4909 5380
 4890 3665 3100 3580 3080]"
-25,29,"[5430 4260 3440 4340 3506 2804 4660 3300 3486 4084 4060 5764 4786 4061
 3853 3441 2460 2780 3420]"
13,27,"[2580 4042 3985 4723 1720 1081 4401 4668 3181 1940 1703 4881 4506 2600
 3022 6448 4641 7025 6467]"
21,25,"[3444 3540 2320 2864 3184 3502 2640 2580 3224 3805 3881 2300 4260 4147
 5383 5501 5245 5104 4860]"
24,23,"[2660 4225 4080 2725 2461 2924 3843 3982 3261 2401 3362 4741 4406 4122
 5083 6161 3984 3283 5725]"
57,28,"[10850  7822  5824  4189  3384  3463  3041  2424  2381  2783  2462  1902
  1903  2124  1686  1360  1562   960   821]"
28,29,"[4122 4723 2520 3144 3602 4544 2020 2100 3645 4081 4484 2700 3423 6542
 5705 2501 4184 5445 2983]"
52,23,"[11186  7628  5401  4144  3725  2905  3322  2983  2762  2605  2864  2543
  2444  2180  2221  2223  1820  1941  1462]"
52,20,"[11841  7523  5793  4985  3384  3362  3405  3225  2541  2461  2441  3104
  2100  1961  2243  2445  1561  1882  1322]"
21,21,"[2080 4245 5745 1701 1480 2180 5125 4645 1740 1640 3422 6885 2562 3040
 4141 8668 4181 3662 6608]"
53,23,"[11546  7245  5142  4485  3883  3063  2820  2863  2382  2483  2502  2164
  2502  2082  1961  2383  2084  1783  1423]"
3,24,"[8487 3543 4430 4823 2942 3161 3643 3581 3621 3343 4364 3462 4225 4602
 4765 3742 2601 2760 2900]"
43,25,"[10945  7368  5845  3921  4044  3524  3583  2781  2924  2947  2621  2882
  3181  2785  2382  2062  2603  2181  2580]"
-2,24,"[8909 6181 5785 3921 4243 4121 4264 3261 4083 3821 3541 4227 3965 3347
 2984 2740 1980 1760 1620]"
-2,25,"[8846 5941 5786 4202 4442 4722 4103 3301 4023 3864 4404 3963 3926 3827
 2903 2221 1820 1700 1540]"
6,20,"[8372 3703 2381 3882 5246 3221 3261 2581 3526 3984 3541 4402 2904 4061
 4600 4648 3103 3802 3680]"
8,26,"[3882 4264 4605 3404 2260 2762 3442 4103 3381 2745 3182 3566 4625 3601
 3903 4643 6083 2782 4680]"
25,29,"[3864 2941 1940 3725 4180 3885 1480 2820 3785 4480 3925 3040 3181 6325
 6685 3080 3845 6045 3060]"
58,27,"[10729  7928  5341  4204  3547  3763  2906  2042  2122  2662  2422  1903
  1561  1821  1581  1221  1682  1261   841]"
48,22,"[11547  7569  5645  4206  3702  2584  3005  3542  2462  2243  2960  3162
  2341  2480  2661  2783  1960  2720  1781]"
28,28,"[3830 4420 2300 3080 3666 4544 1680 2900 3583 4365 4262 3260 3360 6166
 5804 2420 3944 6286 2563]"
-28,23,"[6740 4205 3445 4401 4080 3964 3605 4060 4124 5186 5220 4127 3667 3606
 3040 2600 2800 2940 1960]"
-30,24,"[5865 4741 4004 4200 3946 3885 4160 3984 5706 4882 4326 3090 3561 3080
 3080 2600 2940 2900 2340]"
-19,30,"[6407 4704 2661 3701 4385 3584 3321 3740 4001 3522 4067 4320 4463 5366
 4422 4067 3100 2900 3160]"
17,29,"[2962 2540 2060 6146 2384 1460 2640 2122 5805 2643 2240 2600 4763 4247
 3500 3260 7305 6145 7362]"
2,25,"[8423 4622 4745 4284 3882 4283 3164 3701 3443 3462 4386 4062 4544 4204
 3547 2882 2880 2420 2260]"
27,23,"[2600 3665 4320 2525 3620 2522 3943 3220 3685 2680 3605 4980 4303 4242
 4465 5700 3745 3185 5923]"
6,25,"[5203 3684 4406 3922 3100 3404 3263 3344 3702 3025 3584 3481 4180 3963
 4483 4742 4264 3143 4700]"
44,23,"[12008  6765  5103  4244  3384  2883  3042  3241  3081  2303  2482  3681
  3103  2083  2842  2180  2565  3362  3045]"
-3,23,"[8284 5501 6027 4683 3361 4243 4084 3362 3502 4203 4024 4642 4523 3729
 3044 2740 2140 1920 1440]"
-26,20,"[4700 4480 3390 3880 4620 3060 2990 3300 4540 4124 4006 5500 4550 4262
 3128 2600 3040 3720 2500]"
29,21,"[3120 4203 3784 4083 2220 3340 3865 4425 2880 2740 3520 5067 5023 3760
 4402 6307 2681 3262 6048]"
49,27,"[10649  8704  5046  3663  3925  3581  2823  2661  2720  3046  2541  2140
  2824  3124  2144  1762  2903  2202  1800]"
-9,26,"[6185 5705 3960 3920 4025 3264 3221 4180 3706 3084 3981 4601 4747 5684
 4489 3983 2780 2960 2300]"
-12,20,"[6700 4460 5482 3828 3400 3000 4441 3809 2920 4500 3542 4268 4802 6022
 4650 3566 3020 2000 2100]"
10,25,"[4562 4246 3321 3345 2641 3365 3223 3623 2663 2842 2903 4042 3722 3320
 3904 5363 5521 3306 6363]"
4,24,"[7709 3784 4345 4261 3404 3682 3600 3245 3523 3282 3841 3763 3983 4902
 4204 4444 2982 2940 3060]"
-8,20,"[6201 5322 5725 4406 2661 3781 4205 3584 3381 4485 3623 4762 4685 5384
 4083 3282 2680 2180 1540]"
27,26,"[4108 3180 2640 3260 3728 3302 2500 3580 3341 4049 3940 3480 3180 6510
 5760 3280 3925 5385 3221]"
-1,20,"[7282 4501 5722 4126 3681 4220 4284 4165 3423 4601 4327 4125 4504 3703
 3305 2321 2140 2320 2160]"
-24,30,"[10809  6441  3941  3641  3165  2720  2660  2360  2325  2820  4200  4303
  4487  4180  3412  3123  2540  2000  2720]"
-20,25,"[4380 3824 4301 3421 3484 3081 3744 3880 3285 3883 3303 4181 5105 5683
 4607 3908 3220 3520 2900]"
57,26,"[10703  7706  5885  3762  3188  3744  2685  2765  2140  2823  2224  2083
  1581  1921  1882  1283  1160  1300   921]"
57,25,"[10787  7184  5527  4185  3506  3964  2983  2461  2043  2622  2482  1903
  2203  2003  1621  1523  1701  1160   880]"
-29,25,"[5365 4961 4304 4100 3345 3580 4506 3723 5081 4845 5066 3924 3610 2560
 3380 2500 2940 3000 2520]"
27,23,"[2600 3665 4320 2525 3620 2522 3943 3220 3685 2680 3605 4980 4303 4242
 4465 5700 3745 3185 5923]"
-12,26,"[5905 5665 3860 4240 3925 3302 3983 3601 3522 3325 4044 4522 4466 5983
 4525 3847 2980 2540 1980]"
12,29,"[3663 3861 5346 4543 1260 1820 2960 4606 3741 1540 2022 4083 4384 3641
 3582 3828 5902 6187 5243]"
-3,29,"[8144 6129 3865 2901 4564 3684 3082 3620 3783 2905 3801 4342 4184 4682
 3947 3161 3000 2520 2160]"
-2,25,"[8846 5941 5786 4202 4442 4722 4103 3301 4023 3864 4404 3963 3926 3827
 2903 2221 1820 1700 1540]"
57,23,"[9950 7322 5248 4623 3365 3565 3645 2642 2882 2704 2583 2483 1981 1763
 1740 1762 1840  960 1180]"
-5,29,"[9568 7586 4586 4204 5926 4123 4121 3822 4365 3643 4163 3761 3522 3701
 3020 1980 2000 1700 1220]"
-23,28,"[5668 4942 3000 4000 3960 3890 3180 4180 3560 2990 4800 3560 4849 5101
 4365 3850 2760 2740 3480]"
-14,26,"[6405 4645 3500 3820 3905 3302 3263 3740 3702 3425 3903 4521 4965 5504
 4625 4030 3160 3320 2560]"
-16,21,"[4160 3780 4883 4287 2601 3282 3960 3447 3201 4300 3341 4228 4881 5726
 4408 4264 4101 3020 3100]"
47,30,"[10026  6628  5064  3985  3502  3525  3002  2101  2823  3361  3282  2402
  2620  3382  2623  2043  3180  2364  2543]"
31,28,"[4649 5460 2680 3822 3806 4582 2100 2900 3807 4383 4140 2701 3543 5426
 4240 2520 3285 5645 2667]"
28,20,"[4502 4624 3264 4060  940 3180 3546 4244 2240 3400 3300 4968 5242 3861
 4180 6468 3041 3262 6129]"
48,27,"[10247  8904  4747  3664  3786  4004  2682  2140  2681  3366  2521  2381
  2561  3483  2361  1922  3103  2062  2485]"
-23,26,"[5704 3865 3720 3200 3665 3381 3604 3260 3763 3663 3864 4100 4785 5125
 5065 3149 2881 3480 3080]"
43,26,"[11588  6066  4363  4121  3748  3581  2986  2900  3043  3282  2422  2522
  3401  3125  2042  2261  2825  2161  2383]"
-13,22,"[4580 3920 5484 3946 2760 3421 3701 3705 3323 4522 3761 4067 4840 5765
 4667 4208 3540 2640 2700]"
-21,24,"[3500 3960 4845 3121 3365 3160 3985 3241 3566 4081 3143 3821 5466 5703
 4385 3687 3661 3520 2820]"
-23,28,"[5668 4942 3000 4000 3960 3890 3180 4180 3560 2990 4800 3560 4849 5101
 4365 3850 2760 2740 3480]"
19,22,"[2961 4805 3824 2420 1921 2805 4920 2705 2441 2021 3564 5102 3585 1940
 4161 7282 4845 5541 6165]"
-7,28,"[8542 5048 3980 3182 4422 3566 2920 3980 4202 3208 4260 3841 4929 5501
 4211 3463 2820 2520 1600]"
28,25,"[4127 2900 4140 2661 4064 2465 3460 3360 3443 3465 3842 4040 4200 5705
 5145 3740 3823 5007 3700]"
48,27,"[10247  8904  4747  3664  3786  4004  2682  2140  2681  3366  2521  2381
  2561  3483  2361  1922  3103  2062  2485]"
56,27,"[11584  7907  6247  3446  3483  3725  2741  2581  2384  2488  2722  1840
  1944  1941  1561  1622  1580  1140  1022]"
32,22,"[4520 4104 4281 4485 3280 2780 3585 4020 3485 2501 2884 4720 5345 3580
 3964 5161 3165 2824 5226]"
-5,24,"[6843 5342 4926 4303 3683 4300 5025 3304 3261 4524 4123 4542 4824 4466
 3583 3401 2220 1700 1280]"
50,28,"[11490  8266  4682  3666  3567  3742  2681  2323  2742  3164  2662  2081
  2463  2802  1783  1841  2641  2142  2002]"
47,23,"[11251  9030  6044  5087  4003  3104  3344  2681  2982  1840  2681  3241
  2422  2261  2481  1961  2184  2360  1621]"
23,27,"[3923 2682 1742 4301 4104 3381 1600 2000 4020 4509 3421 3320 3461 6188
 6541 3380 4122 6187 3082]"
17,20,"[3941 4829 2760 2381 1760 3541 4908 1500 2861 2521 3922 4566 2800 2662
 4500 5867 4041 7762 6487]"
20,28,"[5384 1780 2140 3084 5105 2900 1620 1980 3744 6206 1700 1621 3903 6744
 3422 4540 6322 6128 4541]"
-3,20,"[7043 5045 5803 3863 3461 4241 4443 3845 3601 4261 3667 4801 4902 4248
 3385 2680 1880 2000 1580]"
-12,30,"[6185 5005 2820 3020 4242 3463 3284 3521 3701 3425 4164 5041 4645 5804
 4643 4350 3481 3540 2740]"
-4,26,"[8104 6045 4803 4400 4103 4265 3681 3840 3706 4325 4543 4426 4345 4283
 2864 2781 2540 1860 1680]"
-29,28,"[5361 3720 5400 3570 3760 4120 3740 5030 3381 5320 4309 5001 3293 2681
 3060 2900 2200 2440 2600]"
18,29,"[4360 1981 2280 4326 4023 2220 1660 2240 5565 3325 2400 1980 3663 5842
 3505 3120 8264 5606 6421]"
11,24,"[6021 3864 2981 2804 2960 4024 2622 2761 3545 2462 3861 3022 4144 2862
 3483 6502 4587 4567 6763]"
-11,28,"[6681 4909 3820 3461 4722 3287 2960 3560 4082 3209 4340 4702 4688 6123
 4445 3526 2900 3200 2280]"
-23,21,"[3220 4540 4641 3949 2380 3480 3780 3150 3540 4060 3080 4470 4740 6043
 4187 3730 3360 3060 2860]"
-20,20,"[3420 3580 4503 3727 2940 3200 3881 3550 3401 4400 3440 3728 5340 5861
 4369 3950 3800 3020 3120]"
49,30,"[10788  8244  5147  3666  3743  3483  3085  2241  2802  2802  2482  2443
  2224  2962  2545  1960  3080  2323  2000]"
25,25,"[3865 2520 3340 3223 4183 2865 2800 3220 3723 3623 3823 3940 3381 5904
 5265 4382 4002 4627 3920]"
-29,20,"[5500 3709 3401 4340 4001 4150 3941 3140 5029 6180 4485 3605 3529 4140
 2900 2880 3120 3200 2520]"
13,27,"[2580 4042 3985 4723 1720 1081 4401 4668 3181 1940 1703 4881 4506 2600
 3022 6448 4641 7025 6467]"
52,29,"[10789  8046  4743  3461  3944  4204  2722  2482  2304  3303  2882  2280
  1961  2564  2181  1843  2141  1923  1605]"
15,21,"[5005 4845 1040 3120 2621 5727 2542  940 2980 3260 4909 2882 1860 4460
 4728 4261 5681 6669 8223]"
18,22,"[3860 3645 3245 2660 2280 2924 4141 2945 2300 2002 4203 4622 3044 2101
 4481 6666 4063 6744 6603]"
-20,20,"[3420 3580 4503 3727 2940 3200 3881 3550 3401 4400 3440 3728 5340 5861
 4369 3950 3800 3020 3120]"
1,29,"[7167 6548 3300 3622 4700 3204 3023 3800 3861 3604 3786 4040 4446 4703
 3405 2883 2840 2820 1940]"
-31,23,"[5105 4106 4720 3743 4185 5063 3841 4604 5206 4924 4187 3146 3440 3340
 3260 2460 2880 2900 2300]"
-4,27,"[8148 6045 4560 4103 4784 3683 3200 4160 3584 3804 4862 4765 4925 4362
 3107 2622 1880 2040 1620]"
-21,22,"[3220 4460 4385 3905 2780 3580 3780 3250 3000 4400 3384 3606 4520 6425
 4305 3870 3720 2840 3120]"
-6,23,"[6963 5144 5264 4183 3282 4402 4221 3384 3560 4464 3786 5284 5183 4927
 3404 3001 2260 1920 1400]"
24,24,"[3023 3242 4220 2505 3321 2683 3101 3640 3844 2684 3843 4383 3923 5084
 5202 5701 3884 4124 4540]"
-5,23,"[6365 4864 5407 4002 3362 4421 4565 3404 4060 4481 3803 5044 4783 4245
 3764 3101 2520 2000 1420]"
-25,29,"[5430 4260 3440 4340 3506 2804 4660 3300 3486 4084 4060 5764 4786 4061
 3853 3441 2460 2780 3420]"
9,24,"[6884 3886 3061 3464 3183 3642 2503 2581 3583 2901 3044 3860 3043 3722
 3342 6042 4806 3605 5600]"
16,21,"[3984 5166 1600 3522 2400 4427 3682 1200 3100 2602 5206 3022 2501 3460
 4885 4644 4441 8005 8064]"
9,30,"[4844 4604 5565 3582 2181 2727 3683 4123 3141 2783 2882 3781 3965 4101
 3164 4124 5203 3782 4660]"
56,26,"[10667  8005  5667  3643  3986  3303  2803  2322  2482  2806  2202  1704
  1740  2244  1880  1520  1642  1161  1081]"
3,22,"[9009 3665 4141 4784 4084 3180 4242 3143 3023 3302 3822 3863 4044 3842
 4663 3803 2582 2840 2660]"
30,26,"[4489 4501 4000 2841 2925 3603 3140 2820 3040 3990 4680 3240 4220 5810
 4460 3040 4186 4464 3621]"
0,23,"[8804 5704 5006 4701 3600 4262 4284 3225 3442 3886 3744 4426 4081 3365
 3200 2922 2240 1780 1860]"
-13,20,"[6700 4540 5161 3769 3600 3440 4222 3508 3020 4460 3582 4048 4960 5824
 4868 3668 3180 2120 1880]"
-6,28,"[8441 5928 3522 3480 4725 3623 3120 4082 3361 3647 4422 4062 5387 5227
 4145 3181 2400 2360 1300]"
40,24,"[9646 4665 5383 3382 3442 3503 3921 3401 3064 3023 3543 3640 3484 2564
 3264 2642 2824 3442 4345]"
-26,30,"[6505 4500 5060 4143 3226 2701 4740 3522 3166 4622 4060 5528 3802 3669
 3046 3220 2420 2220 2540]"
-13,30,"[7405 5345 3180 3221 4423 3363 3785 3141 3540 3545 3845 5000 4207 5524
 4703 4088 3060 2920 2740]"
18,30,"[3023 2700 2961 4124 3264 2021 2120 2202 5623 2885 2940 1860 4424 5022
 3744 3500 7525 5925 6742]"
52,20,"[11841  7523  5793  4985  3384  3362  3405  3225  2541  2461  2441  3104
  2100  1961  2243  2445  1561  1882  1322]"
28,23,"[3180 3565 4780 2445 2560 2482 4183 3421 3764 3120 3345 4840 4643 4702
 4205 5280 3765 3445 5323]"
20,29,"[5523 1640 1740 3865 4343 3282 1660 1800 4645 5043 2302 1620 3781 6644
 3585 4480 7004 5365 4421]"
57,29,"[10766  7308  5528  3863  3546  3441  2843  2583  2442  2626  2182  2043
  1724  2141  1901  1360  1761  1040  1021]"
-29,25,"[5365 4961 4304 4100 3345 3580 4506 3723 5081 4845 5066 3924 3610 2560
 3380 2500 2940 3000 2520]"
27,30,"[4582 3143 2460 2745 4200 3705 3000 1940 3625 4240 4365 2960 3983 6682
 5144 3061 4365 5085 3342]"
-9,22,"[5920 4540 6586 4384 2840 3862 4623 3605 3040 4683 3642 4385 4562 5646
 4429 3103 2500 2020 1620]"
12,30,"[4604 3483 5382 3784 1800 2140 2623 4402 3766 1782 2541 3323 4146 3921
 3600 3325 5303 6605 5164]"
-1,30,"[7889 7104 4864 4440 5106 3722 3683 3804 4785 4343 4223 4207 3663 3581
 2880 2400 1780 1780 1660]"
9,24,"[6884 3886 3061 3464 3183 3642 2503 2581 3583 2901 3044 3860 3043 3722
 3342 6042 4806 3605 5600]"
-24,27,"[5446 4404 3780 3500 3525 3605 3400 3640 3524 3686 4780 4500 5910 4200
 4289 3466 2620 3260 3140]"
-12,24,"[5985 5220 5225 4341 2845 3741 4203 3440 3465 3721 4144 4123 4463 6006
 3965 3688 2880 2420 2120]"
-30,24,"[5865 4741 4004 4200 3946 3885 4160 3984 5706 4882 4326 3090 3561 3080
 3080 2600 2940 2900 2340]"
16,20,"[5107 5304 1541 2480 2120 4225 4064 1340 3100 3180 4907 2422 2940 3561
 4804 4706 5420 7985 7044]"
23,21,"[3201 4205 3804 3660 1240 2300 4486 4784 1680 2360 3980 4767 5063 3160
 5562 6506 3763 3183 6244]"
38,23,"[6382 4244 4681 4305 3320 3223 3782 4160 3584 2580 3565 4521 4344 3161
 3665 3320 2725 3725 3085]"
-32,24,"[5666 5104 4481 4324 5044 4361 4806 5004 4642 4326 4212 2880 2880 2780
 2820 2500 3000 2400 2080]"
7,29,"[3782 5525 5103 3262 2542 2244 4521 3443 2960 3323 2503 3625 4241 4623
 3406 4222 5344 3802 3640]"
-6,20,"[6482 5402 5625 3966 3320 3962 4063 3807 3582 4581 3847 4660 5382 4586
 3445 3340 2840 1840 1380]"
21,20,"[2480 3704 5585 1940 1700 2540 5110 4621 1400 1600 4162 5967 2962 2960
 4280 8710 3820 4141 6227]"
28,28,"[3830 4420 2300 3080 3666 4544 1680 2900 3583 4365 4262 3260 3360 6166
 5804 2420 3944 6286 2563]"
-1,28,"[9369 5485 3602 3982 4082 3202 2763 2860 3643 3464 3462 4204 4105 4180
 3408 2963 2920 2200 1980]"
-12,21,"[4820 4060 5602 4128 2980 3180 4543 3807 3380 4541 3503 4627 4600 5581
 4449 3809 3240 2780 1940]"
57,28,"[10850  7822  5824  4189  3384  3463  3041  2424  2381  2783  2462  1902
  1903  2124  1686  1360  1562   960   821]"
17,24,"[4564 3180 2943 2422 3002 3703 2180 3725 1760 2822 4043 3680 3246 2741
 4323 5520 4225 7103 7043]"
-18,20,"[3660 3940 4444 3547 2920 3640 3900 3489 3001 4361 3041 4109 5141 6362
 4567 3848 3780 3100 3220]"
46,28,"[8809 8283 4923 3942 3388 4442 2342 2365 2821 3482 2342 2501 3167 3480
 1962 2182 3343 2081 2921]"
38,23,"[6382 4244 4681 4305 3320 3223 3782 4160 3584 2580 3565 4521 4344 3161
 3665 3320 2725 3725 3085]"
10,27,"[3624 5143 4824 3500 2283 1923 3781 4141 2982 2663 2662 4369 4182 3542
 3706 3862 5920 3364 5902]"
-5,22,"[6683 4523 5324 4103 4042 4320 3664 3626 3561 4222 3563 4964 4784 4105
 3884 3461 2680 1880 1580]"
47,23,"[11251  9030  6044  5087  4003  3104  3344  2681  2982  1840  2681  3241
  2422  2261  2481  1961  2184  2360  1621]"
-2,20,"[8181 5281 5224 4204 3920 4285 3843 3384 4100 3881 4471 4480 4483 3946
 3145 2601 2040 2120 1560]"
7,30,"[4865 5667 5367 3481 2301 2524 4002 3183 3361 3802 3062 3742 3762 5181
 3245 4463 4042 3802 3320]"
-3,23,"[8284 5501 6027 4683 3361 4243 4084 3362 3502 4203 4024 4642 4523 3729
 3044 2740 2140 1920 1440]"
56,28,"[11487  8127  5824  4004  3586  3443  3163  2345  2261  2704  2361  2005
  2003  2323  1662  1462  1840  1221  1220]"
-26,30,"[6505 4500 5060 4143 3226 2701 4740 3522 3166 4622 4060 5528 3802 3669
 3046 3220 2420 2220 2540]"
-30,22,"[6222 3689 3800 4140 4164 4846 3700 4184 4785 5941 4109 3429 3541 3740
 2620 2800 3060 2880 2240]"
44,25,"[10246  7229  5303  3623  3603  3284  3242  3001  3122  3144  2682  3282
  3043  2804  2503  2240  2923  2564  3141]"
13,25,"[8141 3264 2100 2325 3001 1841 2362 3762 2765 2060 3680 3145 4581 2224
 3560 5445 4964 4826 7946]"
-29,29,"[5260 5580 5462 3489 3840 4580 3502 5050 3921 5881 4427 4202 3770 2441
 2940 3320 2000 1660 2200]"
22,28,"[4140 2100 1540 3162 4906 4142 1500 1621 4463 5127 2460 2380 4581 4907
 6542 4020 4644 6146 3543]"
-21,27,"[5665 4066 3460 3780 3925 3644 3060 3520 3880 3170 4101 4441 4466 5222
 4744 3770 3081 3000 3400]"
-2,22,"[7306 5280 6306 4743 3382 3982 4005 3163 3820 4564 3662 4604 4542 3325
 3265 2781 1880 1960 1680]"
-32,24,"[5666 5104 4481 4324 5044 4361 4806 5004 4642 4326 4212 2880 2880 2780
 2820 2500 3000 2400 2080]"
51,20,"[12706  7026  5847  4820  3625  3644  3165  2881  2642  2421  2786  2362
  2423  2122  2123  2181  1562  1882  1541]"
-16,20,"[4820 4122 4942 3406 2900 3240 3881 3929 3082 4240 3363 4168 4920 6123
 4669 3905 4080 3140 2760]"
-25,22,"[3540 5120 4229 2981 4200 3380 3305 2765 4700 3780 4070 4540 5284 5026
 3230 2900 2940 3200 2680]"
-2,26,"[8365 5886 4860 4144 4583 4403 3600 3901 4024 4321 4345 4245 4086 3664
 3064 2441 2100 1540 1420]"
-21,20,"[3301 3920 4264 3845 2700 3240 3500 3729 3481 4080 3441 3529 5401 6002
 4267 3790 3880 3060 2840]"
18,25,"[4000 3240 3301 2949 2640 2620 2861 2820 2405 3422 3703 3260 3143 3543
 4942 4802 5162 6866 6342]"
42,20,"[13768  8429  3804  3541  1700  2024  2081  2541  2701  1764  2423  4103
  3560  2563  3764  3660  1904  2823  2844]"
-20,24,"[3400 4242 4904 3580 3185 2862 3803 3361 3485 4121 3223 3882 5245 5823
 4565 3828 3320 3180 3140]"
46,25,"[10405  8288  6027  3883  3763  3102  3620  2425  2944  2862  2582  2941
  2623  2642  2382  2142  2523  2140  2220]"
14,20,"[4785 4805  840 3580 3140 5110 2920  820 3360 4003 4587 2540 1681 5762
 4428 3781 5623 6647 7725]"
-6,28,"[8441 5928 3522 3480 4725 3623 3120 4082 3361 3647 4422 4062 5387 5227
 4145 3181 2400 2360 1300]"
-23,21,"[3220 4540 4641 3949 2380 3480 3780 3150 3540 4060 3080 4470 4740 6043
 4187 3730 3360 3060 2860]"
58,28,"[10987  7530  6121  3706  4289  3604  2702  2182  2162  2322  1822  1580
  1641  1864  1540  1560  1201  1241   940]"
15,24,"[4240 2822 4204 1560 4164 3020 2883 3702 1480 3205 3560 3264 3021 3424
 4361 4925 5001 6384 8567]"
11,30,"[4222 3802 6384 3522 1661 1960 3804 4403 3623 1900 2881 3244 3984 4081
 3462 3587 5881 5267 5045]"
1,29,"[7167 6548 3300 3622 4700 3204 3023 3800 3861 3604 3786 4040 4446 4703
 3405 2883 2840 2820 1940]"
51,20,"[12706  7026  5847  4820  3625  3644  3165  2881  2642  2421  2786  2362
  2423  2122  2123  2181  1562  1882  1541]"
15,30,"[2680 3060 4125 4423 2362 1741 1821 4264 4622 2322 1780 3101 4425 4365
 2701 4961 4807 7883 7065]"
51,30,"[10948  7328  5181  3966  3946  3302  3145  2343  2841  2901  2761  2042
  2342  2541  2562  1622  2641  1903  1842]"
-21,26,"[4885 3465 4420 2880 3025 3422 3823 3160 3101 3264 4145 4440 4325 6006
 5262 3868 4024 2940 2460]"
58,30,"[10350  7127  4442  4370  3405  3621  3042  2422  2642  2503  2184  1780
  1882  2041  1642  1781  1701  1262  1081]"
30,27,"[4350 4600 2880 3600 3468 3862 2540 3620 3400 4850 3960 2760 4480 5728
 4762 2500 3984 4926 3081]"
59,29,"[10731  6844  6065  3927  3723  3267  3121  2240  2604  2203  2242  1463
  2081  2003  1440  1200  1420   700   880]"
27,22,"[2980 3745 4062 3223 2300 2740 4605 3722 3003 2620 3844 4921 5065 3960
 4285 6261 3084 3324 5906]"
-24,26,"[5541 4245 4520 3000 4005 3485 3380 3820 3105 4025 4340 4343 5686 4281
 4090 3445 2700 3240 2720]"
28,26,"[4828 3080 2740 3401 3226 2883 2920 3340 3421 4109 3760 3540 3640 6228
 5622 3040 3965 5185 3502]"
25,22,"[2680 4245 4564 2981 1900 2502 4924 4022 2842 2560 3683 4463 5183 3761
 5484 5504 3842 3986 4964]"
-19,27,"[6126 4244 2720 4140 3843 3266 2703 3600 3901 3488 3941 4121 4907 5421
 5226 3766 2860 3880 3040]"
-27,21,"[5620 3863 3207 3480 5500 3122 2588 4160 3920 5170 4620 4605 3965 4750
 2460 2740 3260 3100 2560]"
9,29,"[3942 5164 5603 3501 1742 1722 4247 4401 2760 2502 2966 4202 3980 4382
 2925 4704 5505 3846 4880]"
-22,26,"[5526 3943 3940 3060 3765 3301 3244 3280 3904 3504 3563 4140 5066 5244
 5164 3949 2761 3680 3100]"
42,27,"[8369 6943 5161 4283 3845 4703 3181 2641 3322 4067 2540 3424 3624 3405
 2764 1960 3363 2061 2862]"
-28,27,"[5205 5000 4840 3605 3245 3780 4200 3947 3863 4080 5868 4402 3829 2966
 3300 3120 2680 2820 3000]"
17,20,"[3941 4829 2760 2381 1760 3541 4908 1500 2861 2521 3922 4566 2800 2662
 4500 5867 4041 7762 6487]"
-12,29,"[7305 4365 3600 2842 4701 3607 3100 3700 3904 3506 4442 4482 4785 6144
 4604 3828 3200 2980 2700]"
22,25,"[7586 6744 1520  901 1600 2804 2000 1921 2803 3542 3425 3240 4381 4024
 6046 5220 4720 4748 4461]"
5,29,"[4922 5685 4865 3082 2483 3281 3584 3363 3123 4342 2682 3244 4543 4423
 4544 4020 3625 3961 2700]"
-16,20,"[4820 4122 4942 3406 2900 3240 3881 3929 3082 4240 3363 4168 4920 6123
 4669 3905 4080 3140 2760]"
-4,22,"[6683 4643 5786 4403 3062 4922 4284 3585 3881 4302 3665 5124 4363 3924
 2823 3200 2660 2100 1560]"
13,20,"[5448 4642  960 3320 4047 4723 2400  760 2420 5388 3922 2480 1942 5707
 3921 4320 5269 6665 7646]"
8,29,"[4365 4865 5662 3122 2441 2183 4086 3600 2702 3063 3225 3482 4021 4662
 3184 4443 5265 3784 4140]"
11,24,"[6021 3864 2981 2804 2960 4024 2622 2761 3545 2462 3861 3022 4144 2862
 3483 6502 4587 4567 6763]"
5,22,"[8786 3184 2825 4864 4684 3262 3283 3544 2961 3862 4120 4383 3564 4280
 4443 4364 2822 3602 3020]"
30,26,"[4489 4501 4000 2841 2925 3603 3140 2820 3040 3990 4680 3240 4220 5810
 4460 3040 4186 4464 3621]"
-2,26,"[8365 5886 4860 4144 4583 4403 3600 3901 4024 4321 4345 4245 4086 3664
 3064 2441 2100 1540 1420]"
-26,25,"[5400 4805 3860 4145 3180 4245 2920 3885 3780 3665 4782 5723 4705 3849
 3726 2900 2640 2860 2580]"
13,30,"[3461 3385 4960 3563 1942 2261 2241 5144 3983 1640 2682 3344 4041 3823
 3901 3965 5665 7161 5629]"
4,20,"[8729 3580 3181 4503 4629 3243 3720 3482 2844 3441 4323 4023 3482 3962
 4623 4005 2965 3140 2820]"
16,30,"[3480 2240 3825 3961 2424 1880 2160 3865 4441 2664 1300 2881 5244 4222
 2723 4701 5565 7524 7604]"
23,26,"[4746 2741 1721 2360 4686 2702 2500 2320 4303 4086 3122 3220 3901 5406
 6442 4240 4182 5487 3642]"
46,24,"[10565  8329  6103  4244  3423  3324  2901  3404  2562  2742  2221  2921
  2482  2722  2662  2542  2402  2245  2542]"
43,23,"[9283 7390 6304 5043 3564 3123 3481 3741 3463 1982 2923 3462 3363 2323
 2804 2780 2122 2343 2322]"
-16,26,"[5625 4285 3480 3860 4005 3442 3123 3580 3723 3567 3801 4921 4648 5341
 4986 3988 3000 3540 3120]"
17,21,"[4240 4309 2521 2722 1780 3364 5183 1721 2760 2181 4442 4106 2662 2640
 4821 5648 4101 7702 7128]"
-10,25,"[6104 5465 4882 3520 3485 3882 4542 3320 3525 3303 4182 4482 5346 5704
 4068 3604 2660 2500 1880]"
14,27,"[2840 3901 4524 3865 1340 1180 3960 3864 4046 2081 1780 4922 4627 2361
 3300 6102 4388 7543 7167]"
-19,23,"[3380 3920 4585 4146 2460 3140 3882 3602 3165 4141 3503 4084 4722 6405
 4225 4170 3680 3040 3360]"
52,21,"[12386  7163  5968  4843  3541  3184  3326  3144  2600  2182  2643  2903
  2181  1780  2204  2444  1320  2263  1222]"
4,20,"[8729 3580 3181 4503 4629 3243 3720 3482 2844 3441 4323 4023 3482 3962
 4623 4005 2965 3140 2820]"
-28,21,"[6401 3529 3120 4481 4860 2909 3500 3600 4304 5467 5060 4029 3710 4800
 2440 2680 3220 3120 2300]"
-25,30,"[8325 3680 2800 2920 2845 3020 4520 3600 3545 4425 4460 5105 4865 3842
 3552 3161 2400 2480 2580]"
-1,29,"[10323  5927  3860  3922  4564  3085  2661  4060  3986  3204  3803  3684
  4088  5023  3444  3040  2300  2140  1780]"
-2,28,"[9604 6645 3760 4042 4203 3523 3381 3522 3464 3463 3862 3763 4226 3644
 3026 2722 2280 1940 1520]"
17,26,"[3940 3081 3060 2584 3485 3143 2621 3220 2605 3521 2880 3160 3081 4307
 3962 3860 6024 6724 6943]"
31,28,"[4649 5460 2680 3822 3806 4582 2100 2900 3807 4383 4140 2701 3543 5426
 4240 2520 3285 5645 2667]"
55,26,"[11244  7709  6003  3808  3343  4124  2702  2221  2680  2762  2305  1964
  1823  2201  1481  1523  1643  1520  1281]"
57,24,"[10626  7029  6164  4464  3984  3547  2922  2603  2404  2683  2582  2044
  2081  1761  1901  1461  1540  1120  1100]"
32,20,"[4960 4100 4610 4860 3240 3080 3522 4708 3100 3000 3801 5046 4343 3220
 3662 5468 2040 3084 4986]"
16,24,"[4184 3240 3883 1462 2824 4121 2280 3744 1441 3384 3781 3201 3464 2681
 4664 4700 4726 6624 7705]"
-26,25,"[5400 4805 3860 4145 3180 4245 2920 3885 3780 3665 4782 5723 4705 3849
 3726 2900 2640 2860 2580]"
-27,23,"[6120 4245 3465 3980 4460 3545 2985 4000 4140 4706 4804 4403 4447 4070
 2800 2820 2860 3180 2360]"
14,20,"[4785 4805  840 3580 3140 5110 2920  820 3360 4003 4587 2540 1681 5762
 4428 3781 5623 6647 7725]"
10,25,"[4562 4246 3321 3345 2641 3365 3223 3623 2663 2842 2903 4042 3722 3320
 3904 5363 5521 3306 6363]"
-30,27,"[6042 5000 4704 3986 3780 3540 4586 4684 4560 4629 4142 4551 3163 2900
 3160 3100 2420 2180 2620]"
-12,24,"[5985 5220 5225 4341 2845 3741 4203 3440 3465 3721 4144 4123 4463 6006
 3965 3688 2880 2420 2120]"
8,27,"[3544 5281 4567 3382 2400 2460 3523 4384 3041 2901 3183 3268 4363 4062
 3345 4821 5965 3064 4880]"
5,21,"[8410 4022 2180 4365 4724 3061 3443 3542 3044 3762 3602 4422 3184 4222
 5106 4384 2702 3880 3020]"
35,25,"[5868 3502 4720 3922 4405 3503 3920 3101 3885 4024 3640 3880 4602 4366
 3683 2880 3946 3145 4505]"
38,23,"[6382 4244 4681 4305 3320 3223 3782 4160 3584 2580 3565 4521 4344 3161
 3665 3320 2725 3725 3085]"
-3,20,"[7043 5045 5803 3863 3461 4241 4443 3845 3601 4261 3667 4801 4902 4248
 3385 2680 1880 2000 1580]"
-19,24,"[3801 3682 4564 3542 3324 2880 4044 3621 3485 4081 3305 3940 5305 6124
 4284 4247 3141 3580 2700]"
-29,30,"[6741 6561 5462 4088 4020 3921 3724 4944 3440 5306 4025 4026 2708 2460
 2640 2160 2140 2180 2120]"
8,24,"[6503 3404 2662 4226 3401 3481 2641 3202 4182 2564 3003 4202 3422 4164
 3782 5302 4865 3244 4960]"
0,23,"[8804 5704 5006 4701 3600 4262 4284 3225 3442 3886 3744 4426 4081 3365
 3200 2922 2240 1780 1860]"
-16,28,"[6844 4746 3580 3620 4422 4048 2580 4220 4343 3347 4221 4282 4606 5363
 4504 3709 3000 3000 2700]"
5,22,"[8786 3184 2825 4864 4684 3262 3283 3544 2961 3862 4120 4383 3564 4280
 4443 4364 2822 3602 3020]"
30,25,"[5009 2680 4760 3805 3724 2441 3420 2920 3002 3568 4320 3740 3960 5770
 4480 3460 4227 4243 3826]"
7,30,"[4865 5667 5367 3481 2301 2524 4002 3183 3361 3802 3062 3742 3762 5181
 3245 4463 4042 3802 3320]"
20,27,"[4420 1840 2460 2603 5207 2860 1540 2680 2783 6307 2140 1860 3801 5525
 4224 4821 5823 6565 4363]"
52,23,"[11186  7628  5401  4144  3725  2905  3322  2983  2762  2605  2864  2543
  2444  2180  2221  2223  1820  1941  1462]"
54,29,"[11527  8088  5224  3705  3402  3487  3204  2221  2583  3123  2442  1881
  1764  2623  1981  1684  1941  1401  1460]"
30,24,"[4824 4041 5180 2222 2723 2345 3620 3300 3345 3342 3843 4180 4664 4623
 4303 4260 4106 3664 4863]"
15,21,"[5005 4845 1040 3120 2621 5727 2542  940 2980 3260 4909 2882 1860 4460
 4728 4261 5681 6669 8223]"
-29,25,"[5365 4961 4304 4100 3345 3580 4506 3723 5081 4845 5066 3924 3610 2560
 3380 2500 2940 3000 2520]"
59,28,"[10730  6647  5229  3805  3903  3503  2786  2260  2166  1885  2241  1560
  1781  2040  1661  1440  1840  1280  1060]"
-5,21,"[5585 4345 6064 4223 3561 4520 3803 3605 3560 4720 3748 5400 4862 3766
 3547 3141 2420 2060 1800]"
-4,22,"[6683 4643 5786 4403 3062 4922 4284 3585 3881 4302 3665 5124 4363 3924
 2823 3200 2660 2100 1560]"
48,21,"[11183  6764  5427  5105  2924  3063  3346  3702  2501  2182  3024  3542
  2084  2001  3060  2781  1961  2702  2001]"
-16,30,"[6785 4765 3200 3480 4345 3805 3140 3780 3922 3867 4481 4201 4949 5606
 4026 3443 3060 3060 3140]"
54,26,"[12024  8429  5621  3802  3168  3902  3285  2363  2003  2905  2283  2021
  2185  2263  1902  1382  1763  1402  1280]"
25,21,"[4060 4484 2804 3822 1600 2600 4365 4104 2161 2980 3481 4826 5343 3360
 5022 6646 3342 3020 5990]"
53,21,"[12550  6607  5746  4504  3483  3122  3024  2822  2400  2402  2363  2601
  2202  1761  2064  2485  1942  1782  1402]"
23,21,"[3201 4205 3804 3660 1240 2300 4486 4784 1680 2360 3980 4767 5063 3160
 5562 6506 3763 3183 6244]"
18,21,"[2840 4227 3863 2440 2220 2922 4887 2441 2260 2120 3884 5226 2741 2023
 4580 7026 4143 6921 6425]"
-15,20,"[4840 4360 5021 3629 2860 3380 3901 3929 3160 4080 3301 3889 5022 6442
 4607 3909 3580 2980 2760]"
45,25,"[11086  5526  4546  2902  3783  2740  3300  3120  3324  3546  2941  3467
  2942  2943  2762  2244  2661  2021  2581]"
2,26,"[7325 5584 4986 3422 3724 4321 2946 3983 3644 3423 3803 4163 4444 4405
 3582 2880 3220 2800 2320]"
11,20,"[8131 3621 1260 2082 5444 4124 2821 1460 2401 5184 3263 3021 2705 3864
 5281 4401 4090 6986 4401]"
-24,20,"[4500 4120 3845 3725 3500 3220 3243 3307 3920 4180 3324 4526 5220 5068
 3762 3510 3220 2940 2660]"
50,20,"[12469  7908  4928  5066  3384  2802  2762  3224  2522  2280  2820  2883
  2320  1680  2321  2341  1561  2061  1662]"
46,23,"[10808  6705  6405  4906  3801  2564  2922  3261  2804  2321  2563  3321
  2523  2523  2602  2340  2182  2405  2422]"
53,30,"[11046  7305  5645  3826  3643  3180  3002  2724  2382  2462  2782  2342
  2064  2280  2164  1782  2321  2184  1524]"
31,25,"[4745 3602 4580 3002 3403 2825 3700 3540 3022 4167 4261 3501 3900 5506
 4003 3900 4145 4045 3602]"
40,29,"[11427  7040  3961  3124  2863  4125  2842  2341  2485  3803  3525  2482
  3080  3804  2923  1900  3163  2984  2662]"
28,27,"[3965 3740 2160 3960 3588 3922 2280 3240 3220 3910 4600 3060 3280 6448
 5722 2620 3883 5727 3160]"
2,26,"[7325 5584 4986 3422 3724 4321 2946 3983 3644 3423 3803 4163 4444 4405
 3582 2880 3220 2800 2320]"
26,30,"[4142 4443 2260 2825 4820 3463 2142 1742 3383 4060 4345 2901 3624 6340
 5604 3264 4082 5323 3387]"
56,27,"[11584  7907  6247  3446  3483  3725  2741  2581  2384  2488  2722  1840
  1944  1941  1561  1622  1580  1140  1022]"
-10,28,"[8160 5110 3720 3201 4641 3368 2940 3022 4040 3188 4320 4723 4309 5961
 4185 3467 3180 2700 2140]"
27,27,"[2965 3700 2040 3860 3709 3721 2080 3180 3660 3850 3960 3420 3400 6248
 6002 3000 3682 5808 3120]"
40,30,"[10605  6844  4962  4202  4263  3823  3043  2483  3242  3201  2965  1981
  2501  3542  2625  1700  2822  2683  2523]"
55,26,"[11244  7709  6003  3808  3343  4124  2702  2221  2680  2762  2305  1964
  1823  2201  1481  1523  1643  1520  1281]"
20,24,"[2685 4780 2280 3785 1961 3424 3360 2760 3466 2060 4704 3160 3583 3502
 5045 5860 5065 5444 5422]"
24,20,"[1960 4781 4569 3080 1840 3160 3705 4265 2500 2580 3740 4329 5641 2880
 5361 6408 3941 2903 6247]"
9,22,"[9328 3002 1840 3184 4885 3724 2522 2282 3483 3363 3421 3602 3204 3523
 4140 5563 3705 4765 4781]"
57,27,"[10508  8104  5865  4041  3607  3521  3124  2386  2342  2401  2482  1601
  1943  1943  1381  1561  1523  1060  1084]"
3,29,"[5363 6888 3921 3481 2983 3042 3183 2781 3685 3823 3002 3941 4385 4584
 4281 2962 4063 3560 2220]"
30,23,"[3940 4165 4300 2645 3740 2641 3984 3621 3684 3080 3305 5160 4665 4380
 4385 5060 3525 3465 4983]"
10,30,"[4503 4527 5802 3120 2201 2482 3944 4285 3001 2402 3104 3602 3942 4003
 3824 4146 5182 4563 4461]"
4,26,"[5627 5106 5262 3102 2982 3262 3647 3120 3722 3342 3463 3801 4921 4444
 3801 3765 3923 2960 3320]"
-8,22,"[5540 4321 6227 4085 2940 4020 4605 3865 2942 4801 3746 4865 4823 5264
 4144 3402 2540 1940 1360]"
57,27,"[10508  8104  5865  4041  3607  3521  3124  2386  2342  2401  2482  1601
  1943  1943  1381  1561  1523  1060  1084]"
22,20,"[2402 4866 4423 2340 1560 2001 5246 4802 1480 1640 4420 5188 3362 3881
 4620 7488 4082 3602 6128]"
54,23,"[11027  7446  5182  4767  3843  3325  2983  2643  2783  2342  2264  2383
  2004  1821  1961  1760  1701  1624  1140]"
-25,26,"[5300 4105 4440 4180 3325 4005 3140 3920 3665 3665 4520 5285 5085 3944
 3810 3081 2740 2860 2520]"
28,30,"[4362 3543 2860 2865 4100 3483 3382 2180 3745 4520 4085 2960 3825 6520
 4964 2962 3784 5565 3065]"
23,27,"[3923 2682 1742 4301 4104 3381 1600 2000 4020 4509 3421 3320 3461 6188
 6541 3380 4122 6187 3082]"
14,25,"[4580 3862 4503 1643 3322 2581 3041 4223 2162 2223 3461 3262 4203 2364
 4241 4764 5345 4861 9090]"
28,20,"[4502 4624 3264 4060  940 3180 3546 4244 2240 3400 3300 4968 5242 3861
 4180 6468 3041 3262 6129]"
-7,21,"[4980 4462 6166 4043 3201 3802 4344 3704 3580 4762 3465 5065 4881 5088
 4185 3362 2720 1840 1760]"
23,23,"[3020 3465 4942 2864 1780 3243 3702 3882 2782 2740 3506 4961 4263 4001
 5064 6201 3824 3665 5764]"
56,29,"[11406  7929  5164  3803  4185  3222  3020  2366  2486  2762  2547  1922
  1721  2183  2023  1320  1660   900  1221]"
23,20,"[6145 2761 3204 1900 1420 2560 4184 4486 2240 2521 3840 4788 5021 3020
 5360 6529 4181 3121 6088]"
14,25,"[4580 3862 4503 1643 3322 2581 3041 4223 2162 2223 3461 3262 4203 2364
 4241 4764 5345 4861 9090]"
-25,21,"[3700 5060 3670 3420 3700 4060 2990 2920 4640 3400 3990 5240 5264 4686
 3250 2740 3680 2880 2480]"
9,28,"[3701 5461 5408 3321 2242 1662 4427 4305 2680 2381 2640 3967 4263 4364
 3423 4681 5342 3486 5260]"
6,20,"[8372 3703 2381 3882 5246 3221 3261 2581 3526 3984 3541 4402 2904 4061
 4600 4648 3103 3802 3680]"
53,22,"[11609  6866  5703  4342  3625  3226  3181  2742  2524  2261  2641  2343
  2282  2063  2081  2144  1681  1660  1606]"
12,21,"[7768 3162  940 2462 5284 4604 2420  980 2484 5605 3541 2881 2102 4424
 4723 5464 3885 6484 6487]"
3,26,"[7489 5565 4305 3822 2901 3904 3482 3480 3621 3583 3480 3742 4562 4625
 3883 3684 3002 2840 2740]"
22,28,"[4140 2100 1540 3162 4906 4142 1500 1621 4463 5127 2460 2380 4581 4907
 6542 4020 4644 6146 3543]"
57,23,"[9950 7322 5248 4623 3365 3565 3645 2642 2882 2704 2583 2483 1981 1763
 1740 1762 1840  960 1180]"
25,24,"[3100 2925 4400 3244 3081 2705 3260 3681 3744 2540 3663 4722 3642 4623
 5405 5480 3925 3685 4921]"
16,24,"[4184 3240 3883 1462 2824 4121 2280 3744 1441 3384 3781 3201 3464 2681
 4664 4700 4726 6624 7705]"
41,24,"[8566 6207 6441 4603 4222 3665 4001 3701 3564 3144 3462 3921 3863 3082
 2783 2400 2208 2164 1903]"
-11,27,"[6785 4545 3860 3621 4281 3508 3180 3700 4023 2987 3480 5203 4726 5884
 4144 3848 2840 3460 2440]"
21,26,"[4241 2640 2040 2502 4668 3580 1880 2360 3200 4710 3420 1740 4220 5088
 5722 4580 5000 6010 4161]"
13,26,"[3721 3600 4224 3145 2800 1800 3663 4223 3284 2320 2300 4426 4904 2181
 3041 6527 4602 5724 7228]"
31,25,"[4745 3602 4580 3002 3403 2825 3700 3540 3022 4167 4261 3501 3900 5506
 4003 3900 4145 4045 3602]"
48,29,"[9030 7905 5521 3745 3985 4063 2742 2124 3041 3402 2584 2384 2583 3442
 2761 2423 2900 2342 2021]"
19,30,"[4145 2240 2480 4165 3443 2882 1800 1881 5804 2823 3022 1780 4344 5761
 3544 3981 8225 4683 6083]"
21,28,"[5063 2600 1720 1903 5767 3060 1280 2020 4124 5886 1982 1700 4760 5227
 5242 4380 5324 6306 3884]"
-31,30,"[8720 7063 5784 5627 4820 4323 4946 5420 4807 3742 3550 2883 2180 1720
 2440 1560 1320 1680  920]"
-20,25,"[4380 3824 4301 3421 3484 3081 3744 3880 3285 3883 3303 4181 5105 5683
 4607 3908 3220 3520 2900]"
47,29,"[9052 8264 4523 3566 3085 3784 2521 2621 2840 3482 2803 2444 2901 3224
 2382 2102 3362 2383 2722]"
12,30,"[4604 3483 5382 3784 1800 2140 2623 4402 3766 1782 2541 3323 4146 3921
 3600 3325 5303 6605 5164]"
56,23,"[10363  7027  5503  4743  3987  3205  3385  2925  2905  2362  2264  2400
  1940  1861  1940  1701  1441  1100  1480]"
-10,27,"[7244 4846 3960 3640 4302 3068 3340 3780 3942 3068 4021 4482 4629 5981
 4707 3405 3140 3080 2220]"
0,20,"[7704 5060 5262 4146 3821 4142 4083 3343 3481 4122 4049 4823 4805 3224
 3425 2960 2140 2560 2000]"
7,27,"[3262 5184 4788 3062 2362 2425 3706 4000 2761 3000 3403 3565 4583 4280
 3883 4663 5604 3442 4340]"
18,21,"[2840 4227 3863 2440 2220 2922 4887 2441 2260 2120 3884 5226 2741 2023
 4580 7026 4143 6921 6425]"
30,25,"[5009 2680 4760 3805 3724 2441 3420 2920 3002 3568 4320 3740 3960 5770
 4480 3460 4227 4243 3826]"
40,28,"[12947  6582  3701  3401  3588  4124  2500  2481  3083  3785  3062  2520
  3104  3602  2185  1580  2724  2384  2563]"
-20,22,"[3220 3980 4125 4325 2360 3520 3660 3069 3001 4523 3681 3927 4960 6203
 4367 3929 3820 3320 3080]"
31,25,"[4745 3602 4580 3002 3403 2825 3700 3540 3022 4167 4261 3501 3900 5506
 4003 3900 4145 4045 3602]"
47,29,"[9052 8264 4523 3566 3085 3784 2521 2621 2840 3482 2803 2444 2901 3224
 2382 2102 3362 2383 2722]"
-34,24,"[8307 7421 5965 6206 4784 5481 5665 4145 3426 3383 2940 2760 2480 2340
 2060 2040 1900 1480 1920]"
-20,25,"[4380 3824 4301 3421 3484 3081 3744 3880 3285 3883 3303 4181 5105 5683
 4607 3908 3220 3520 2900]"
9,25,"[5144 4225 3724 3843 2542 3082 3122 3563 3104 2983 3042 3640 3482 3761
 3285 5342 5326 3042 5781]"
-26,24,"[5340 4805 3840 3625 3960 3925 2980 3445 4760 3365 4945 5420 4865 3547
 3288 2800 2860 3240 2580]"
-16,30,"[6785 4765 3200 3480 4345 3805 3140 3780 3922 3867 4481 4201 4949 5606
 4026 3443 3060 3060 3140]"
58,27,"[10729  7928  5341  4204  3547  3763  2906  2042  2122  2662  2422  1903
  1561  1821  1581  1221  1682  1261   841]"
5,23,"[7390 2963 3443 5265 3864 3284 3280 3303 4004 3142 3920 3824 3363 4281
 4883 4623 3102 3601 3580]"
31,24,"[3880 3965 4640 2923 3703 3024 3880 3320 3245 3421 4164 4140 4302 4865
 4283 4320 4125 3304 4423]"
10,20,"[7649 3900 1641 2102 5665 4382 2561 1780 2540 5089 3461 2760 3080 3668
 5340 4563 4470 5703 4024]"
-34,22,"[6731 8142 5545 5847 5244 6244 5204 4645 3801 3445 2640 2560 2240 2560
 2140 2060 2300 1440 1860]"
6,27,"[3686 4685 5305 3122 2662 2580 3466 3843 3162 3382 3124 3404 4961 4143
 4742 4201 4863 3401 3280]"
-26,27,"[5785 4760 3860 3960 3428 3222 4100 3720 3948 3722 4560 5547 4363 3906
 3629 3160 1880 3140 3240]"
13,22,"[7066 3563 1381 2422 3923 5045 2900  900 2481 4765 3883 3041 1800 4446
 4744 4721 4545 6486 7467]"
52,26,"[10847  7883  4964  4307  3426  3682  2983  2304  2901  3184  2762  2163
  2224  2663  2041  1782  2403  1702  1740]"
-7,26,"[8163 6345 4060 4080 4388 3424 3821 3121 4064 3444 4462 4602 5246 5624
 3907 2942 2060 2060 1120]"
23,28,"[4280 2761 1420 3640 4086 4243 1440 2320 4363 4727 2740 3361 3720 5808
 6801 3180 3785 6467 3222]"
52,24,"[11310  7306  5543  4424  4224  3523  3125  2642  2522  3064  2802  1783
  2283  2562  2082  1640  2104  1841  1782]"
48,30,"[10108  7325  5006  3425  3807  3860  2862  2544  2901  3222  2702  2162
  2902  3183  2623  2322  3101  2303  2121]"
30,21,"[3520 4184 4303 4243 2100 2700 3725 5045 2520 2640 3383 5064 5083 3360
 4365 5184 3461 3463 5168]"
49,28,"[9807 7965 4883 3984 3845 3883 2984 2141 2843 3366 2563 2481 2426 3221
 2223 1782 2980 2281 1801]"
29,29,"[3946 4142 2980 3340 3825 4165 2520 2520 3583 4663 4584 2680 3460 5905
 5345 2700 3505 5985 2742]"
49,23,"[13227  7876  5865  4064  3742  2823  2582  2842  2581  1782  2443  2560
  2020  2022  1900  1821  1862  1640  1382]"
-25,24,"[5040 5185 3840 3605 3500 4002 2843 3325 4180 3985 4140 4645 5125 4525
 3690 2900 3000 3080 2900]"
17,20,"[3941 4829 2760 2381 1760 3541 4908 1500 2861 2521 3922 4566 2800 2662
 4500 5867 4041 7762 6487]"
7,21,"[8972 3202 2140 3643 5808 2960 3040 2323 3384 4043 3441 4381 2985 3844
 5160 4966 2922 3964 3880]"
37,23,"[13365  6523  4262  3165  2400  2200  2621  3242  2905  2201  2662  4360
  3646  2720  3305  3242  2644  3465  3144]"
47,30,"[10026  6628  5064  3985  3502  3525  3002  2101  2823  3361  3282  2402
  2620  3382  2623  2043  3180  2364  2543]"
-12,23,"[5720 4961 5345 4044 2761 3481 4644 3962 3263 4204 3364 4504 4840 5547
 4284 3746 2820 2320 2120]"
4,20,"[8729 3580 3181 4503 4629 3243 3720 3482 2844 3441 4323 4023 3482 3962
 4623 4005 2965 3140 2820]"
43,20,"[11549  7464  4961  5365  3563  3182  3124  4264  2921  2523  2781  3602
  3384  2321  2583  2563  1543  2264  1382]"
48,26,"[11066  8608  6229  4026  3363  4344  2703  2060  2640  3225  2322  2501
  2381  2704  2363  2103  2480  2120  2223]"
6,22,"[8326 2787 2581 4443 4885 3140 3181 2820 3484 3803 4023 4203 3042 4042
 5040 4606 3563 3563 3720]"
-14,27,"[6925 4345 3420 3840 4141 3389 2800 4060 4162 2888 4040 4601 4626 5323
 5024 3551 3100 3520 2240]"
40,29,"[11427  7040  3961  3124  2863  4125  2842  2341  2485  3803  3525  2482
  3080  3804  2923  1900  3163  2984  2662]"
8,22,"[9490 3006 2103 3644 4864 3301 2961 2361 3365 3302 3661 3840 3082 3723
 4581 4923 3444 3927 4920]"
44,20,"[12145  7662  5327  5423  3282  3063  3183  3767  3061  2040  3302  3345
  2902  2100  2521  2825  1561  2544  2165]"
-8,27,"[7944 5246 4100 3540 4283 3627 2780 3280 3981 3309 4080 4200 4869 5343
 4630 3363 2860 3160 2240]"
-17,21,"[3281 3780 4840 3909 2640 3082 4040 3428 3081 4281 3283 4348 4980 6062
 4308 4127 4140 2720 3200]"
-12,24,"[5985 5220 5225 4341 2845 3741 4203 3440 3465 3721 4144 4123 4463 6006
 3965 3688 2880 2420 2120]"
10,25,"[4562 4246 3321 3345 2641 3365 3223 3623 2663 2842 2903 4042 3722 3320
 3904 5363 5521 3306 6363]"
55,28,"[11245  7807  6003  3985  3645  3564  3043  2602  2360  2684  2402  1721
  1580  2141  1768  1421  1824  1481  1202]"
42,23,"[8425 6069 5304 4946 4321 3341 3301 3842 3663 2061 3244 3780 3965 2583
 2804 2864 2382 2701 2302]"
-12,23,"[5720 4961 5345 4044 2761 3481 4644 3962 3263 4204 3364 4504 4840 5547
 4284 3746 2820 2320 2120]"
51,26,"[11972  7928  5446  3660  3622  3744  2962  2466  3003  2983  2661  2063
  2302  2863  2020  2102  2242  1803  1680]"
43,22,"[11748  6986  5143  4861  2823  2500  2983  3683  2581  1741  2883  3540
  3204  2061  2844  2821  1863  3144  2724]"
-21,28,"[6186 4484 2980 3680 4261 4009 3020 3621 3860 2968 4221 4021 4805 5224
 4383 3809 2883 2940 3680]"
17,27,"[4960 2740 1320 3386 3264 1740 2120 2820 3947 3223 2920 2240 4001 4587
 4022 3200 6962 6048 7180]"
-4,28,"[9683 6345 3782 3822 4164 3483 2962 4242 3682 2964 3843 3442 4867 4342
 3407 2843 2500 2140 1880]"
-26,21,"[4320 4560 3930 2880 4900 3000 2590 4000 4460 3722 4568 5760 4530 4042
 3168 2780 3220 3240 2640]"
-1,25,"[9665 5765 5482 4343 4163 4504 4182 4201 3883 3846 3982 4243 3944 3462
 2687 2801 1760 1720 1580]"
-27,23,"[6120 4245 3465 3980 4460 3545 2985 4000 4140 4706 4804 4403 4447 4070
 2800 2820 2860 3180 2360]"
32,23,"[4984 4761 3681 3024 3281 3025 3140 3680 3706 3280 3264 5080 4985 4062
 4122 4380 3666 3124 4787]"
55,27,"[11285  7743  5724  4324  3731  3463  2763  2281  2081  2502  2381  2040
  1863  2346  1822  1763  1883  1362  1180]"
5,21,"[8410 4022 2180 4365 4724 3061 3443 3542 3044 3762 3602 4422 3184 4222
 5106 4384 2702 3880 3020]"
30,21,"[3520 4184 4303 4243 2100 2700 3725 5045 2520 2640 3383 5064 5083 3360
 4365 5184 3461 3463 5168]"
-9,21,"[5300 4521 6084 3827 3320 3801 3861 4307 2440 4761 3907 4684 4404 5764
 4346 3183 2780 2160 1780]"
24,27,"[4247 3140 1260 3881 4189 3562 1760 2680 3940 4449 3360 3340 3140 5686
 7023 3320 3802 6368 3082]"
-19,29,"[6385 4505 3220 3602 3802 3829 2984 3680 3462 3786 4240 4361 4587 5562
 4484 3925 3361 3180 3220]"
52,26,"[10847  7883  4964  4307  3426  3682  2983  2304  2901  3184  2762  2163
  2224  2663  2041  1782  2403  1702  1740]"
31,24,"[3880 3965 4640 2923 3703 3024 3880 3320 3245 3421 4164 4140 4302 4865
 4283 4320 4125 3304 4423]"
-23,26,"[5704 3865 3720 3200 3665 3381 3604 3260 3763 3663 3864 4100 4785 5125
 5065 3149 2881 3480 3080]"
43,21,"[15008  8467  4481  4101  2843  2302  2743  3804  2561  1881  2361  3063
  3003  1622  2904  2782  1602  2504  2321]"
4,22,"[8592 3143 3222 4923 4644 3340 3202 3283 3323 3861 3982 4325 3781 4002
 4343 4385 2502 3480 3100]"
44,25,"[10246  7229  5303  3623  3603  3284  3242  3001  3122  3144  2682  3282
  3043  2804  2503  2240  2923  2564  3141]"
28,23,"[3180 3565 4780 2445 2560 2482 4183 3421 3764 3120 3345 4840 4643 4702
 4205 5280 3765 3445 5323]"
7,21,"[8972 3202 2140 3643 5808 2960 3040 2323 3384 4043 3441 4381 2985 3844
 5160 4966 2922 3964 3880]"
-17,23,"[3960 3881 4644 3746 2761 3140 3983 3382 3467 4002 3842 3986 4943 5802
 4686 3885 4280 3080 3080]"
-24,20,"[4500 4120 3845 3725 3500 3220 3243 3307 3920 4180 3324 4526 5220 5068
 3762 3510 3220 2940 2660]"
25,28,"[4347 3240 1620 3441 4186 4623 1200 2720 3702 4206 3622 3520 2820 6365
 6924 2902 3665 6486 2821]"
54,28,"[11247  6865  5247  4243  3508  3765  2982  2482  2221  2924  2704  1742
  2121  2302  1920  1462  2004  1443  1300]"
-18,30,"[6786 3884 3122 3121 4465 3224 3302 4081 3842 3164 4122 4463 4763 5165
 4903 4268 2800 3180 3400]"
-5,21,"[5585 4345 6064 4223 3561 4520 3803 3605 3560 4720 3748 5400 4862 3766
 3547 3141 2420 2060 1800]"
0,23,"[8804 5704 5006 4701 3600 4262 4284 3225 3442 3886 3744 4426 4081 3365
 3200 2922 2240 1780 1860]"
53,29,"[11009  7805  4761  4303  3586  3607  3084  2562  2303  3121  2502  2143
  2001  2341  2301  1382  2241  1842  1543]"
-10,24,"[5984 4882 4963 4221 2504 3801 4564 3601 3505 3723 4281 4405 4944 5701
 4689 3426 2620 2920 1760]"
12,21,"[7768 3162  940 2462 5284 4604 2420  980 2484 5605 3541 2881 2102 4424
 4723 5464 3885 6484 6487]"
-25,26,"[5300 4105 4440 4180 3325 4005 3140 3920 3665 3665 4520 5285 5085 3944
 3810 3081 2740 2860 2520]"
45,20,"[12542  7267  5267  5203  2943  3142  2886  4003  2180  2323  2804  3844
  2361  2083  3321  2804  1760  3182  2742]"
0,24,"[9087 4763 5205 4421 3663 4102 4023 3341 3864 4102 4163 4203 4327 3084
 3204 2702 2100 2260 2360]"
58,28,"[10987  7530  6121  3706  4289  3604  2702  2182  2162  2322  1822  1580
  1641  1864  1540  1560  1201  1241   940]"
24,29,"[4105 2620 1760 3683 4162 3906 1500 2941 3924 4320 3465 3100 3101 6823
 6385 3101 4224 6005 2942]"
12,27,"[2420 4462 4425 4163 1641 1342 4221 4926 2981 1980 1764 5303 4123 2521
 3203 5966 5222 5987 6585]"
51,22,"[11966  7832  5642  4262  3563  3106  3444  3184  2423  2863  2841  2802
  2423  1900  2462  2402  1841  2040  1403]"
27,24,"[3860 2985 4520 2582 3423 2625 3940 3180 3965 2800 4065 4080 4341 4904
 4704 5021 3824 3966 4800]"
48,25,"[12448  9371  6145  4486  4485  3404  3041  3062  3300  2180  2421  2844
  2560  2386  2141  1540  1300  1140   800]"
-19,24,"[3801 3682 4564 3542 3324 2880 4044 3621 3485 4081 3305 3940 5305 6124
 4284 4247 3141 3580 2700]"
11,26,"[3960 4104 4184 3001 2281 1762 3825 4583 2683 2360 2461 4704 4285 2940
 3724 5044 5604 4323 6686]"
7,25,"[5123 3703 3903 3922 2601 2883 3322 3404 3522 2923 3562 3885 4322 3783
 4025 5221 4804 3003 5060]"
-3,26,"[8424 6045 5163 4421 4583 4145 3920 3823 4024 3803 4603 4484 4166 3602
 3006 2342 1820 2020 1500]"
-19,23,"[3380 3920 4585 4146 2460 3140 3882 3602 3165 4141 3503 4084 4722 6405
 4225 4170 3680 3040 3360]"
44,28,"[10631  7344  3906  4487  3905  4441  2261  2461  3083  4161  2780  2622
  3306  3182  1741  2240  2842  2204  2561]"
-33,25,"[6780 6044 5945 5061 5125 4685 5340 4624 4428 3270 3442 2240 2840 2320
 2760 2620 2060 2420 2140]"
-16,25,"[4245 4703 4462 3620 3565 3401 3704 3360 3546 3701 3763 3980 5190 5762
 4887 3846 3200 3640 3100]"
20,20,"[2861 3187 5962 1641 1800 2560 4048 4881 1500 1820 3341 7188 2061 2040
 5501 7409 4660 4461 6568]"
20,25,"[3565 3160 2740 2824 3083 4043 2260 2680 3404 3164 4262 2280 3720 4246
 5064 5021 5901 5646 5084]"
-19,25,"[4342 4042 4502 3261 3365 3000 3744 3762 3385 3641 3763 4203 4785 5722
 5005 3768 3100 3760 3020]"
24,27,"[4247 3140 1260 3881 4189 3562 1760 2680 3940 4449 3360 3340 3140 5686
 7023 3320 3802 6368 3082]"
56,29,"[11406  7929  5164  3803  4185  3222  3020  2366  2486  2762  2547  1922
  1721  2183  2023  1320  1660   900  1221]"
57,27,"[10508  8104  5865  4041  3607  3521  3124  2386  2342  2401  2482  1601
  1943  1943  1381  1561  1523  1060  1084]"
-10,22,"[4780 4161 5924 4224 2460 3342 4943 3546 2960 4961 3943 4325 4982 6087
 4807 3244 3140 2100 1820]"
57,29,"[10766  7308  5528  3863  3546  3441  2843  2583  2442  2626  2182  2043
  1724  2141  1901  1360  1761  1040  1021]"
